#|SEDE_ATENCION|TIPO_SOLICITUD|SEXO_BENEFICIARIO|EDAD_BENEFICIARIO|DISTRITO_BENEFICIARIO|DEPARTAMENTO_BENEFICIARIO|NACIONALIDAD_BENEFICIARIO|ANO_TRA|MES_TRA|TOTAL_MOV_MIGRA|ESTADO_TRAMITE|NACIONALIDAD_SOLICITANTE|FECHA_DE_CORTE
1|SERVICIOS WEB|PROPIETARIO|F|32|PISAC|CUSCO|ALEMANA|2023|OCTUBRE|11|E|ALEMANA|2023-10-01
2|SERVICIOS WEB|PROPIETARIO|M|62|CALLAO|CALLAO|CHINA|2023|OCTUBRE|1|E|CHINA|2023-10-01
3|SERVICIOS WEB|PROPIETARIO|M|39|SAN MARTIN DE PORRES|LIMA|CHINA|2023|OCTUBRE|0|E|CHINA|2023-10-01
4|SERVICIOS WEB|PROPIETARIO|M|29|HUAURA|LIMA|DOMINICANA|2023|OCTUBRE|0|E|DOMINICANA|2023-10-02
5|SERVICIOS WEB|PROPIETARIO|M|56|SAN BORJA|LIMA|CHINA|2023|OCTUBRE|0|E|CHINA|2023-10-02
6|SERVICIOS WEB|PROPIETARIO|M|48|MIRAFLORES|LIMA|CHILENA|2023|OCTUBRE|142|E|CHILENA|2023-10-02
7|SERVICIOS WEB|PROPIETARIO|F|23|SURQUILLO|LIMA|VENEZOLANA|2023|OCTUBRE|0|E|VENEZOLANA|2023-10-02
8|SERVICIOS WEB|PROPIETARIO|M|37|EL AGUSTINO|LIMA|VENEZOLANA|2023|OCTUBRE|0|E|VENEZOLANA|2023-10-02
9|SERVICIOS WEB|PROPIETARIO|M|27|MIRAFLORES|LIMA|BRASILERA|2023|OCTUBRE|17|E|BRASILERA|2023-10-02
10|SERVICIOS WEB|PROPIETARIO|M|37|HUACHO|LIMA|COLOMBIANA|2023|OCTUBRE|2|E|COLOMBIANA|2023-10-02
11|SERVICIOS WEB|PROPIETARIO|M|52|LIMA|LIMA|ITALIANA|2023|OCTUBRE|0|E|ITALIANA|2023-10-02
12|SERVICIOS WEB|PROPIETARIO|F|37|COMAS|LIMA|VENEZOLANA|2023|OCTUBRE|0|E|VENEZOLANA|2023-10-02
13|SERVICIOS WEB|PROPIETARIO|F|58|EL AGUSTINO|LIMA|VENEZOLANA|2023|OCTUBRE|0|E|VENEZOLANA|2023-10-02
14|SERVICIOS WEB|PROPIETARIO|F|29|SAN BORJA|LIMA|VENEZOLANA|2023|OCTUBRE|0|E|VENEZOLANA|2023-10-02
15|SERVICIOS WEB|PROPIETARIO|F|43|CHACLACAYO|LIMA|PANAME헤|2023|OCTUBRE|1|E|PANAME헤|2023-10-02
16|SERVICIOS WEB|PROPIETARIO|F|73|<NO DEFINIDO>|<NO DEFINIDO>|ESTADOUNIDENSE|2023|OCTUBRE|20|E|ESTADOUNIDENSE|2023-10-02
17|SERVICIOS WEB|PROPIETARIO|M|38|SAN ISIDRO|LIMA|ARGENTINA|2023|OCTUBRE|17|E|ARGENTINA|2023-10-02
18|SERVICIOS WEB|PROPIETARIO|F|53|LA MOLINA|LIMA|ALEMANA|2023|OCTUBRE|37|E|ALEMANA|2023-10-02
19|SERVICIOS WEB|PROPIETARIO|F|77|GREGORIO ALBARRACIN LANCHIPA|TACNA|VENEZOLANA|2023|OCTUBRE|171|E|VENEZOLANA|2023-10-02
20|SERVICIOS WEB|PROPIETARIO|M|42|MAGDALENA DEL MAR|LIMA|CHINA|2023|OCTUBRE|0|E|CHINA|2023-10-02
21|SERVICIOS WEB|PROPIETARIO|F|64|LA VICTORIA|LIMA|VENEZOLANA|2023|OCTUBRE|1|E|VENEZOLANA|2023-10-02
22|LIMA|PROPIETARIO|M|38|VENTANILLA|CALLAO|ALEMANA|2023|OCTUBRE|33|E|ALEMANA|2023-10-02
23|SERVICIOS WEB|PROPIETARIO|M|57|BRE헤|LIMA|COLOMBIANA|2023|OCTUBRE|1|E|COLOMBIANA|2023-10-02
24|SERVICIOS WEB|PROPIETARIO|F|26|SAN ISIDRO|LIMA|CHINA|2023|OCTUBRE|0|E|CHINA|2023-10-02
25|LIMA|PROPIETARIO|M|13|<NO DEFINIDO>|<NO DEFINIDO>|CHILENA|2023|OCTUBRE|5|E|CHILENA|2023-10-02
26|SERVICIOS WEB|PROPIETARIO|F|30|CHORRILLOS|LIMA|BRASILERA|2023|OCTUBRE|7|E|BRASILERA|2023-10-02
27|SERVICIOS WEB|PROPIETARIO|M|58|BARRANCO|LIMA|ESTADOUNIDENSE|2023|OCTUBRE|0|E|ESTADOUNIDENSE|2023-10-02
28|SERVICIOS WEB|PROPIETARIO|M|66|MIRAFLORES|LIMA|ESTADOUNIDENSE|2023|OCTUBRE|0|E|ESTADOUNIDENSE|2023-10-02
29|SERVICIOS WEB|PROPIETARIO|M|58|SAN ISIDRO|LIMA|ESTADOUNIDENSE|2023|OCTUBRE|0|E|ESTADOUNIDENSE|2023-10-02
30|SERVICIOS WEB|PROPIETARIO|M|32|SAN ISIDRO|LIMA|COREANA|2023|OCTUBRE|7|E|COREANA|2023-10-02
31|SERVICIOS WEB|PROPIETARIO|F|46|SANTIAGO DE SURCO|LIMA|COLOMBIANA|2023|OCTUBRE|0|E|COLOMBIANA|2023-10-02
32|SERVICIOS WEB|PROPIETARIO|M|35|SAN JUAN DE MIRAFLORES|LIMA|VENEZOLANA|2023|OCTUBRE|0|E|VENEZOLANA|2023-10-02
33|SERVICIOS WEB|PROPIETARIO|F|37|SAN MIGUEL|LIMA|COSTARRICENSE|2023|OCTUBRE|0|E|COSTARRICENSE|2023-10-02
34|SERVICIOS WEB|PROPIETARIO|M|36|ATE|LIMA|VENEZOLANA|2023|OCTUBRE|0|E|VENEZOLANA|2023-10-02
35|SERVICIOS WEB|PROPIETARIO|F|62|EL AGUSTINO|LIMA|VENEZOLANA|2023|OCTUBRE|3|E|VENEZOLANA|2023-10-02
36|SERVICIOS WEB|PROPIETARIO|M|53|BARRANCO|LIMA|COREANA|2023|OCTUBRE|0|E|COREANA|2023-10-02
37|SERVICIOS WEB|PROPIETARIO|M|34|MIRAFLORES|LIMA|GUATEMALTECA|2023|OCTUBRE|0|E|GUATEMALTECA|2023-10-02
38|SERVICIOS WEB|PROPIETARIO|F|31|CHORRILLOS|LIMA|VENEZOLANA|2023|OCTUBRE|0|E|VENEZOLANA|2023-10-03
39|SERVICIOS WEB|PROPIETARIO|M|31|CHORRILLOS|LIMA|COLOMBIANA|2023|OCTUBRE|0|E|COLOMBIANA|2023-10-03
40|SERVICIOS WEB|PROPIETARIO|M|52|SAN ISIDRO|LIMA|ITALIANA|2023|OCTUBRE|178|E|ITALIANA|2023-10-03
41|SERVICIOS WEB|PROPIETARIO|M|43|BARRANCO|LIMA|FRANCESA|2023|OCTUBRE|0|E|FRANCESA|2023-10-03
42|SERVICIOS WEB|PROPIETARIO|M|49|SAN ISIDRO|LIMA|ALEMANA|2023|OCTUBRE|36|E|ALEMANA|2023-10-03
43|SERVICIOS WEB|PROPIETARIO|M|63|MIRAFLORES|LIMA|VENEZOLANA|2023|OCTUBRE|20|E|VENEZOLANA|2023-10-03
44|SERVICIOS WEB|PROPIETARIO|F|48|PUEBLO LIBRE (MAGDALENA VIEJA)|LIMA|UCRANIANA|2023|OCTUBRE|4|E|UCRANIANA|2023-10-03
45|SERVICIOS WEB|PROPIETARIO|M|50|MIRAFLORES|LIMA|COLOMBIANA|2023|OCTUBRE|0|E|COLOMBIANA|2023-10-03
46|SERVICIOS WEB|PROPIETARIO|M|35|RIMAC|LIMA|VENEZOLANA|2023|OCTUBRE|0|E|VENEZOLANA|2023-10-03
47|SERVICIOS WEB|PROPIETARIO|M|57|PARI헤S|PIURA|VENEZOLANA|2023|OCTUBRE|0|E|VENEZOLANA|2023-10-03
48|SERVICIOS WEB|PROPIETARIO|M|60|MIRAFLORES|LIMA|VENEZOLANA|2023|OCTUBRE|0|E|VENEZOLANA|2023-10-03
49|SERVICIOS WEB|PROPIETARIO|M|42|SANTIAGO DE SURCO|LIMA|ARGENTINA|2023|OCTUBRE|1|E|ARGENTINA|2023-10-03
50|SERVICIOS WEB|PROPIETARIO|F|31|SANTA ANITA|LIMA|VENEZOLANA|2023|OCTUBRE|0|E|VENEZOLANA|2023-10-03
51|SERVICIOS WEB|PROPIETARIO|M|66|MIRAFLORES|LIMA|VENEZOLANA|2023|OCTUBRE|0|E|VENEZOLANA|2023-10-03
52|SERVICIOS WEB|PROPIETARIO|M|63|PARI헤S|PIURA|VENEZOLANA|2023|OCTUBRE|0|E|VENEZOLANA|2023-10-03
53|SERVICIOS WEB|PROPIETARIO|M|55|PARI헤S|PIURA|VENEZOLANA|2023|OCTUBRE|0|E|VENEZOLANA|2023-10-03
54|SERVICIOS WEB|PROPIETARIO|F|32|SANTIAGO DE SURCO|LIMA|CHINA|2023|OCTUBRE|0|E|CHINA|2023-10-03
55|SERVICIOS WEB|PROPIETARIO|M|63|PARI헤S|PIURA|VENEZOLANA|2023|OCTUBRE|0|E|VENEZOLANA|2023-10-03
56|SERVICIOS WEB|PROPIETARIO|M|65|PARI헤S|PIURA|VENEZOLANA|2023|OCTUBRE|0|E|VENEZOLANA|2023-10-03
57|SERVICIOS WEB|PROPIETARIO|M|59|PARI헤S|PIURA|VENEZOLANA|2023|OCTUBRE|0|E|VENEZOLANA|2023-10-03
58|SERVICIOS WEB|PROPIETARIO|M|61|PARI헤S|PIURA|VENEZOLANA|2023|OCTUBRE|0|E|VENEZOLANA|2023-10-03
59|SERVICIOS WEB|PROPIETARIO|M|50|PARI헤S|PIURA|VENEZOLANA|2023|OCTUBRE|0|E|VENEZOLANA|2023-10-03
60|SERVICIOS WEB|PROPIETARIO|F|45|MAGDALENA DEL MAR|LIMA|URUGUAYA|2023|OCTUBRE|0|E|URUGUAYA|2023-10-03
61|SERVICIOS WEB|PROPIETARIO|M|49|LA MOLINA|LIMA|CHILENA|2023|OCTUBRE|0|E|CHILENA|2023-10-03
62|SERVICIOS WEB|PROPIETARIO|F|33|LOS OLIVOS|LIMA|VENEZOLANA|2023|OCTUBRE|1|E|VENEZOLANA|2023-10-03
63|SERVICIOS WEB|PROPIETARIO|M|43|VILLA EL SALVADOR|LIMA|VENEZOLANA|2023|OCTUBRE|0|E|VENEZOLANA|2023-10-03
64|SERVICIOS WEB|PROPIETARIO|M|42|MIRAFLORES|LIMA|URUGUAYA|2023|OCTUBRE|0|E|URUGUAYA|2023-10-03
65|SERVICIOS WEB|PROPIETARIO|F|41|MIRAFLORES|LIMA|VENEZOLANA|2023|OCTUBRE|0|E|VENEZOLANA|2023-10-03
66|SERVICIOS WEB|PROPIETARIO|F|39|VILLA EL SALVADOR|LIMA|VENEZOLANA|2023|OCTUBRE|0|E|VENEZOLANA|2023-10-03
67|SERVICIOS WEB|PROPIETARIO|M|46|MIRAFLORES|LIMA|URUGUAYA|2023|OCTUBRE|0|E|URUGUAYA|2023-10-03
68|SERVICIOS WEB|PROPIETARIO|F|26|LOS OLIVOS|LIMA|VENEZOLANA|2023|OCTUBRE|0|E|VENEZOLANA|2023-10-03
69|SERVICIOS WEB|PROPIETARIO|M|30|LOS OLIVOS|LIMA|VENEZOLANA|2023|OCTUBRE|0|E|VENEZOLANA|2023-10-03
70|SERVICIOS WEB|PROPIETARIO|F|42|CALLAO|CALLAO|VENEZOLANA|2023|OCTUBRE|0|E|VENEZOLANA|2023-10-03
71|SERVICIOS WEB|PROPIETARIO|M|37|CHORRILLOS|LIMA|ITALIANA|2023|OCTUBRE|4|E|ITALIANA|2023-10-03
72|SERVICIOS WEB|PROPIETARIO|M|29|SURQUILLO|LIMA|VENEZOLANA|2023|OCTUBRE|1|E|VENEZOLANA|2023-10-03
73|SERVICIOS WEB|PROPIETARIO|M|34|LA BANDA DE SHILCAYO|SAN MARTIN|BELGA|2023|OCTUBRE|11|E|BELGA|2023-10-03
74|SERVICIOS WEB|PROPIETARIO|F|47|LURIN|LIMA|VENEZOLANA|2023|OCTUBRE|0|E|VENEZOLANA|2023-10-03
75|SERVICIOS WEB|PROPIETARIO|M|49|JESUS MARIA|LIMA|INDIA|2023|OCTUBRE|0|E|INDIA|2023-10-03
76|SERVICIOS WEB|PROPIETARIO|M|72|SAN BORJA|LIMA|CHILENA|2023|OCTUBRE|77|E|CHILENA|2023-10-03
77|SERVICIOS WEB|PROPIETARIO|M|40|SAN BORJA|LIMA|CHINA|2023|OCTUBRE|0|E|CHINA|2023-10-03
78|SERVICIOS WEB|PROPIETARIO|F|44|ATE|LIMA|VENEZOLANA|2023|OCTUBRE|0|E|VENEZOLANA|2023-10-03
79|SERVICIOS WEB|PROPIETARIO|M|76|SANTIAGO DE SURCO|LIMA|BRASILERA|2023|OCTUBRE|17|E|BRASILERA|2023-10-03
80|SERVICIOS WEB|PROPIETARIO|F|26|SURQUILLO|LIMA|VENEZOLANA|2023|OCTUBRE|0|E|VENEZOLANA|2023-10-03
81|SERVICIOS WEB|PROPIETARIO|M|34|CALCA|CUSCO|BRITANICA|2023|OCTUBRE|4|E|BRITANICA|2023-10-03
82|PUCALLPA|PROPIETARIO|M|33|CALLERIA|UCAYALI|CHILENA|2023|OCTUBRE|107|E|CHILENA|2023-10-03
83|SERVICIOS WEB|PROPIETARIO|M|39|MIRAFLORES|LIMA|BRASILERA|2023|OCTUBRE|0|E|BRASILERA|2023-10-03
84|SERVICIOS WEB|PROPIETARIO|M|39|MIRAFLORES|LIMA|BRASILERA|2023|OCTUBRE|0|E|BRASILERA|2023-10-03
85|SERVICIOS WEB|PROPIETARIO|M|48|SAN RAMON|JUNIN|BRASILERA|2023|OCTUBRE|0|E|BRASILERA|2023-10-03
86|SERVICIOS WEB|PROPIETARIO|F|43|MIRAFLORES|LIMA|BRASILERA|2023|OCTUBRE|1|E|BRASILERA|2023-10-03
87|SERVICIOS WEB|PROPIETARIO|M|38|BARRANCO|LIMA|BRASILERA|2023|OCTUBRE|0|E|BRASILERA|2023-10-03
88|SERVICIOS WEB|PROPIETARIO|F|38|TACNA|TACNA|VENEZOLANA|2023|OCTUBRE|6|E|VENEZOLANA|2023-10-03
89|SERVICIOS WEB|PROPIETARIO|M|32|LIMA|LIMA|PERUANA|2023|OCTUBRE|19|E|PERUANA|2023-10-03
90|SERVICIOS WEB|PROPIETARIO|F|30|BRE헤|LIMA|VENEZOLANA|2023|OCTUBRE|0|E|VENEZOLANA|2023-10-04
91|SERVICIOS WEB|PROPIETARIO|M|48|LOS OLIVOS|LIMA|FILIPINA|2023|OCTUBRE|11|E|FILIPINA|2023-10-04
92|SERVICIOS WEB|PROPIETARIO|F|29|EL AGUSTINO|LIMA|VENEZOLANA|2023|OCTUBRE|0|E|VENEZOLANA|2023-10-04
93|SERVICIOS WEB|PROPIETARIO|M|36|CALLAO|CALLAO|VENEZOLANA|2023|OCTUBRE|5|E|VENEZOLANA|2023-10-04
94|SERVICIOS WEB|PROPIETARIO|M|81|SAN ISIDRO|LIMA|BRASILERA|2023|OCTUBRE|0|E|BRASILERA|2023-10-04
95|SERVICIOS WEB|PROPIETARIO|F|46|SAN MARTIN DE PORRES|LIMA|VENEZOLANA|2023|OCTUBRE|0|E|VENEZOLANA|2023-10-04
96|SERVICIOS WEB|PROPIETARIO|M|59|SANTIAGO DE SURCO|LIMA|INDIA|2023|OCTUBRE|0|E|INDIA|2023-10-04
97|SERVICIOS WEB|PROPIETARIO|M|22|CIENEGUILLA|LIMA|VENEZOLANA|2023|OCTUBRE|0|E|VENEZOLANA|2023-10-04
98|SERVICIOS WEB|PROPIETARIO|F|39|SAN MIGUEL|LIMA|VENEZOLANA|2023|OCTUBRE|4|E|VENEZOLANA|2023-10-04
99|SERVICIOS WEB|PROPIETARIO|M|50|TRUJILLO|LA LIBERTAD|CHINA|2023|OCTUBRE|0|E|CHINA|2023-10-04
100|SERVICIOS WEB|PROPIETARIO|M|24|ATE|LIMA|VENEZOLANA|2023|OCTUBRE|0|E|VENEZOLANA|2023-10-04
101|SERVICIOS WEB|PROPIETARIO|M|21|LINCE|LIMA|VENEZOLANA|2023|OCTUBRE|0|E|VENEZOLANA|2023-10-04
102|SERVICIOS WEB|PROPIETARIO|F|43|TACNA|TACNA|ARGENTINA|2023|OCTUBRE|73|E|ARGENTINA|2023-10-04
103|LIMA|PROPIETARIO|M|13|BARRANCO|LIMA|VENEZOLANA|2023|OCTUBRE|13|E|VENEZOLANA|2023-10-04
104|SERVICIOS WEB|PROPIETARIO|M|43|LINCE|LIMA|VENEZOLANA|2023|OCTUBRE|0|E|VENEZOLANA|2023-10-04
105|SERVICIOS WEB|PROPIETARIO|M|70|SAN ISIDRO|LIMA|ESTADOUNIDENSE|2023|OCTUBRE|62|E|ESTADOUNIDENSE|2023-10-04
106|LIMA|PROPIETARIO|F|8|LOS OLIVOS|LIMA|VENEZOLANA|2023|OCTUBRE|1|E|VENEZOLANA|2023-10-04
107|SERVICIOS WEB|PROPIETARIO|M|27|CUSCO|CUSCO|VENEZOLANA|2023|OCTUBRE|0|E|VENEZOLANA|2023-10-04
108|SERVICIOS WEB|PROPIETARIO|F|31|ATE|LIMA|VENEZOLANA|2023|OCTUBRE|5|E|VENEZOLANA|2023-10-04
109|SERVICIOS WEB|PROPIETARIO|M|22|SAN MARTIN DE PORRES|LIMA|VENEZOLANA|2023|OCTUBRE|0|E|VENEZOLANA|2023-10-04
110|SERVICIOS WEB|PROPIETARIO|M|28|LOS OLIVOS|LIMA|VENEZOLANA|2023|OCTUBRE|0|E|VENEZOLANA|2023-10-04
111|SERVICIOS WEB|PROPIETARIO|M|39|LIMA|LIMA|ECUATORIANA|2023|OCTUBRE|23|E|ECUATORIANA|2023-10-04
112|SERVICIOS WEB|PROPIETARIO|F|28|LIMA|LIMA|ECUATORIANA|2023|OCTUBRE|11|E|ECUATORIANA|2023-10-04
113|SERVICIOS WEB|PROPIETARIO|M|30|CALLERIA|UCAYALI|ESTADOUNIDENSE|2023|OCTUBRE|17|E|ESTADOUNIDENSE|2023-10-04
114|SERVICIOS WEB|PROPIETARIO|M|24|LINCE|LIMA|ESPA헲LA|2023|OCTUBRE|0|E|ESPA헲LA|2023-10-04
115|SERVICIOS WEB|PROPIETARIO|F|31|BELLAVISTA|CALLAO|VENEZOLANA|2023|OCTUBRE|0|E|VENEZOLANA|2023-10-04
116|SERVICIOS WEB|PROPIETARIO|M|36|MAGDALENA DEL MAR|LIMA|ESTADOUNIDENSE|2023|OCTUBRE|0|E|ESTADOUNIDENSE|2023-10-04
117|SERVICIOS WEB|PROPIETARIO|M|56|LINCE|LIMA|COLOMBIANA|2023|OCTUBRE|4|E|COLOMBIANA|2023-10-04
118|SERVICIOS WEB|PROPIETARIO|F|45|SAN LUIS|LIMA|DOMINICANA|2023|OCTUBRE|0|E|DOMINICANA|2023-10-04
119|SERVICIOS WEB|PROPIETARIO|F|37|SAN JUAN DE MIRAFLORES|LIMA|VENEZOLANA|2023|OCTUBRE|0|E|VENEZOLANA|2023-10-05
120|IQUITOS|PROPIETARIO|M|50|<NO DEFINIDO>|<NO DEFINIDO>|BRASILERA|2023|OCTUBRE|14|N|BRASILERA|2023-10-05
121|SERVICIOS WEB|PROPIETARIO|M|33|SAN JUAN DE LURIGANCHO|LIMA|VENEZOLANA|2023|OCTUBRE|0|E|VENEZOLANA|2023-10-05
122|SERVICIOS WEB|PROPIETARIO|F|34|PUNTA HERMOSA|LIMA|VENEZOLANA|2023|OCTUBRE|9|E|VENEZOLANA|2023-10-05
123|SERVICIOS WEB|PROPIETARIO|F|30|SAN JUAN DE MIRAFLORES|LIMA|VENEZOLANA|2023|OCTUBRE|0|E|VENEZOLANA|2023-10-05
124|SERVICIOS WEB|PROPIETARIO|F|52|SAN BORJA|LIMA|ECUATORIANA|2023|OCTUBRE|67|E|ECUATORIANA|2023-10-05
125|SERVICIOS WEB|PROPIETARIO|F|32|SAN MARTIN DE PORRES|LIMA|VENEZOLANA|2023|OCTUBRE|0|E|VENEZOLANA|2023-10-05
126|SERVICIOS WEB|PROPIETARIO|F|39|LIMA|LIMA|VENEZOLANA|2023|OCTUBRE|0|E|VENEZOLANA|2023-10-05
127|SERVICIOS WEB|PROPIETARIO|F|51|SANTA ANITA|LIMA|VENEZOLANA|2023|OCTUBRE|0|E|VENEZOLANA|2023-10-05
128|SERVICIOS WEB|PROPIETARIO|M|40|ATE|LIMA|VENEZOLANA|2023|OCTUBRE|0|E|VENEZOLANA|2023-10-05
129|SERVICIOS WEB|PROPIETARIO|M|44|SANTIAGO DE SURCO|LIMA|BRASILERA|2023|OCTUBRE|0|E|BRASILERA|2023-10-05
130|SERVICIOS WEB|PROPIETARIO|M|38|TUMBES|TUMBES|DOMINICANA|2023|OCTUBRE|7|E|DOMINICANA|2023-10-05
131|SERVICIOS WEB|PROPIETARIO|F|29|MIRAFLORES|LIMA|MEXICANA|2023|OCTUBRE|0|E|MEXICANA|2023-10-05
132|SERVICIOS WEB|PROPIETARIO|M|44|SANTIAGO DE SURCO|LIMA|BRASILERA|2023|OCTUBRE|21|E|BRASILERA|2023-10-05
133|SERVICIOS WEB|PROPIETARIO|F|32|SANTIAGO DE SURCO|LIMA|VENEZOLANA|2023|OCTUBRE|0|E|VENEZOLANA|2023-10-05
134|SERVICIOS WEB|PROPIETARIO|F|38|SAN ISIDRO|LIMA|ESPA헲LA|2023|OCTUBRE|39|E|ESPA헲LA|2023-10-05
135|SERVICIOS WEB|PROPIETARIO|M|28|SAN JUAN DE LURIGANCHO|LIMA|VENEZOLANA|2023|OCTUBRE|0|E|VENEZOLANA|2023-10-05
136|SERVICIOS WEB|PROPIETARIO|M|28|BRE헤|LIMA|VENEZOLANA|2023|OCTUBRE|0|E|VENEZOLANA|2023-10-05
137|SERVICIOS WEB|PROPIETARIO|F|30|SURQUILLO|LIMA|COREANA|2023|OCTUBRE|0|E|COREANA|2023-10-05
138|SERVICIOS WEB|PROPIETARIO|F|67|LIMA|LIMA|UCRANIANA|2023|OCTUBRE|0|E|UCRANIANA|2023-10-05
139|SERVICIOS WEB|PROPIETARIO|M|69|MIRAFLORES|LIMA|UCRANIANA|2023|OCTUBRE|0|E|UCRANIANA|2023-10-05
140|SERVICIOS WEB|PROPIETARIO|F|45|SAN ISIDRO|LIMA|ESPA헲LA|2023|OCTUBRE|0|E|ESPA헲LA|2023-10-05
141|SERVICIOS WEB|PROPIETARIO|F|34|LA VICTORIA|LIMA|VENEZOLANA|2023|OCTUBRE|0|E|VENEZOLANA|2023-10-05
142|SERVICIOS WEB|PROPIETARIO|F|67|LIMA|LIMA|UCRANIANA|2023|OCTUBRE|25|E|UCRANIANA|2023-10-05
143|SERVICIOS WEB|PROPIETARIO|F|30|SAN MARTIN DE PORRES|LIMA|VENEZOLANA|2023|OCTUBRE|0|E|VENEZOLANA|2023-10-05
144|SERVICIOS WEB|PROPIETARIO|F|50|BARRANCO|LIMA|ESPA헲LA|2023|OCTUBRE|105|E|ESPA헲LA|2023-10-05
145|SERVICIOS WEB|PROPIETARIO|F|35|CHORRILLOS|LIMA|VENEZOLANA|2023|OCTUBRE|0|E|VENEZOLANA|2023-10-05
146|SERVICIOS WEB|PROPIETARIO|M|53|LA MOLINA|LIMA|ECUATORIANA|2023|OCTUBRE|14|E|ECUATORIANA|2023-10-05
147|SERVICIOS WEB|PROPIETARIO|M|57|MIRAFLORES|LIMA|ESPA헲LA|2023|OCTUBRE|0|E|ESPA헲LA|2023-10-05
148|SERVICIOS WEB|PROPIETARIO|M|34|ATE|LIMA|VENEZOLANA|2023|OCTUBRE|0|E|VENEZOLANA|2023-10-05
149|SERVICIOS WEB|PROPIETARIO|M|33|PUEBLO LIBRE (MAGDALENA VIEJA)|LIMA|VENEZOLANA|2023|OCTUBRE|0|E|VENEZOLANA|2023-10-05
150|SERVICIOS WEB|PROPIETARIO|M|30|LA VICTORIA|LIMA|VENEZOLANA|2023|OCTUBRE|0|E|VENEZOLANA|2023-10-05
151|SERVICIOS WEB|PROPIETARIO|M|56|LINCE|LIMA|COLOMBIANA|2023|OCTUBRE|4|E|COLOMBIANA|2023-10-05
152|SERVICIOS WEB|PROPIETARIO|F|30|CHILCA|JUNIN|MEXICANA|2023|OCTUBRE|7|E|MEXICANA|2023-10-05
153|SERVICIOS WEB|PROPIETARIO|M|46|MIRAFLORES|LIMA|ESTADOUNIDENSE|2023|OCTUBRE|44|E|ESTADOUNIDENSE|2023-10-05
154|SERVICIOS WEB|PROPIETARIO|F|41|LA VICTORIA|LIMA|VENEZOLANA|2023|OCTUBRE|0|E|VENEZOLANA|2023-10-06
155|SERVICIOS WEB|PROPIETARIO|M|25|SAN JUAN DE MIRAFLORES|LIMA|VENEZOLANA|2023|OCTUBRE|1|E|VENEZOLANA|2023-10-06
156|SERVICIOS WEB|PROPIETARIO|M|41|PACHACAMAC|LIMA|VENEZOLANA|2023|OCTUBRE|0|E|VENEZOLANA|2023-10-06
157|SERVICIOS WEB|PROPIETARIO|M|37|PACHACAMAC|LIMA|VENEZOLANA|2023|OCTUBRE|0|E|VENEZOLANA|2023-10-06
158|SERVICIOS WEB|PROPIETARIO|M|37|SANTIAGO DE SURCO|LIMA|VENEZOLANA|2023|OCTUBRE|0|E|VENEZOLANA|2023-10-06
159|SERVICIOS WEB|PROPIETARIO|F|46|SANTIAGO DE SURCO|LIMA|BRASILERA|2023|OCTUBRE|0|E|BRASILERA|2023-10-06
160|SERVICIOS WEB|PROPIETARIO|M|51|SAN BORJA|LIMA|INDIA|2023|OCTUBRE|0|E|INDIA|2023-10-06
161|SERVICIOS WEB|PROPIETARIO|F|33|COMAS|LIMA|VENEZOLANA|2023|OCTUBRE|0|E|VENEZOLANA|2023-10-06
162|SERVICIOS WEB|PROPIETARIO|M|43|BARRANCO|LIMA|FRANCESA|2023|OCTUBRE|0|E|FRANCESA|2023-10-06
163|SERVICIOS WEB|PROPIETARIO|M|29|LIMA|LIMA|VENEZOLANA|2023|OCTUBRE|0|E|VENEZOLANA|2023-10-06
164|SERVICIOS WEB|PROPIETARIO|F|21|LOS OLIVOS|LIMA|DOMINICANA|2023|OCTUBRE|2|E|DOMINICANA|2023-10-06
165|SERVICIOS WEB|PROPIETARIO|F|23|EL AGUSTINO|LIMA|VENEZOLANA|2023|OCTUBRE|0|E|VENEZOLANA|2023-10-06
166|SERVICIOS WEB|PROPIETARIO|M|50|MIRAFLORES|LIMA|COLOMBIANA|2023|OCTUBRE|0|E|COLOMBIANA|2023-10-06
167|SERVICIOS WEB|PROPIETARIO|M|30|SAN MARTIN DE PORRES|LIMA|VENEZOLANA|2023|OCTUBRE|0|E|VENEZOLANA|2023-10-06
168|SERVICIOS WEB|PROPIETARIO|F|45|MIRAFLORES|LIMA|BRASILERA|2023|OCTUBRE|5|E|BRASILERA|2023-10-06
169|SERVICIOS WEB|PROPIETARIO|F|41|SAN ISIDRO|LIMA|ARGENTINA|2023|OCTUBRE|0|E|ARGENTINA|2023-10-06
170|SERVICIOS WEB|PROPIETARIO|F|43|SAN ISIDRO|LIMA|ARGENTINA|2023|OCTUBRE|0|E|ARGENTINA|2023-10-06
171|SERVICIOS WEB|PROPIETARIO|F|32|LIMA|LIMA|VENEZOLANA|2023|OCTUBRE|0|E|VENEZOLANA|2023-10-06
172|SERVICIOS WEB|PROPIETARIO|F|81|SURQUILLO|LIMA|JAPONESA|2023|OCTUBRE|0|E|JAPONESA|2023-10-06
173|SERVICIOS WEB|PROPIETARIO|F|43|SAN MARTIN DE PORRES|LIMA|VENEZOLANA|2023|OCTUBRE|0|E|VENEZOLANA|2023-10-06
174|SERVICIOS WEB|PROPIETARIO|M|84|SURQUILLO|LIMA|JAPONESA|2023|OCTUBRE|0|E|JAPONESA|2023-10-06
175|SERVICIOS WEB|PROPIETARIO|M|44|SAN MIGUEL|LIMA|CHILENA|2023|OCTUBRE|91|E|CHILENA|2023-10-06
176|SERVICIOS WEB|PROPIETARIO|M|25|SAN JUAN DE LURIGANCHO|LIMA|VENEZOLANA|2023|OCTUBRE|0|E|VENEZOLANA|2023-10-06
177|SERVICIOS WEB|PROPIETARIO|F|47|LA VICTORIA|LIMA|CUBANA|2023|OCTUBRE|0|E|CUBANA|2023-10-06
178|SERVICIOS WEB|PROPIETARIO|M|52|ANDAHUAYLILLAS|CUSCO|ITALIANA|2023|OCTUBRE|0|E|ITALIANA|2023-10-06
179|SERVICIOS WEB|PROPIETARIO|F|21|SANTIAGO DE SURCO|LIMA|VENEZOLANA|2023|OCTUBRE|1|E|VENEZOLANA|2023-10-06
180|SERVICIOS WEB|PROPIETARIO|M|43|MIRAFLORES|LIMA|PORTUGUESA|2023|OCTUBRE|0|E|PORTUGUESA|2023-10-06
181|SERVICIOS WEB|PROPIETARIO|F|40|BELLAVISTA|CALLAO|VENEZOLANA|2023|OCTUBRE|0|E|VENEZOLANA|2023-10-06
182|SERVICIOS WEB|PROPIETARIO|M|78|MIRAFLORES|LIMA|BRITANICA|2023|OCTUBRE|10|E|BRITANICA|2023-10-06
183|SERVICIOS WEB|PROPIETARIO|F|45|MIRAFLORES|LIMA|COLOMBIANA|2023|OCTUBRE|0|E|COLOMBIANA|2023-10-06
184|SERVICIOS WEB|PROPIETARIO|M|33|CARMEN DE LA LEGUA REYNOSO|CALLAO|VENEZOLANA|2023|OCTUBRE|1|E|VENEZOLANA|2023-10-06
185|SERVICIOS WEB|PROPIETARIO|F|34|MIRAFLORES|LIMA|COLOMBIANA|2023|OCTUBRE|5|E|COLOMBIANA|2023-10-06
186|SERVICIOS WEB|PROPIETARIO|M|39|SAN MARTIN DE PORRES|LIMA|BANGLADESH|2023|OCTUBRE|0|E|BANGLADESH|2023-10-06
187|SERVICIOS WEB|PROPIETARIO|F|49|SANTIAGO DE SURCO|LIMA|ECUATORIANA|2023|OCTUBRE|0|E|ECUATORIANA|2023-10-06
188|SERVICIOS WEB|PROPIETARIO|F|33|SAN ISIDRO|LIMA|COLOMBIANA|2023|OCTUBRE|0|E|COLOMBIANA|2023-10-06
189|SERVICIOS WEB|PROPIETARIO|M|30|SAN BORJA|LIMA|VENEZOLANA|2023|OCTUBRE|0|E|VENEZOLANA|2023-10-06
190|SERVICIOS WEB|PROPIETARIO|M|26|SANTIAGO DE SURCO|LIMA|ECUATORIANA|2023|OCTUBRE|0|E|ECUATORIANA|2023-10-06
191|LIMA|PROPIETARIO|M|15|SANTIAGO DE SURCO|LIMA|ECUATORIANA|2023|OCTUBRE|61|E|ECUATORIANA|2023-10-06
192|SERVICIOS WEB|PROPIETARIO|M|30|BARRANCO|LIMA|PANAME헤|2023|OCTUBRE|16|E|PANAME헤|2023-10-06
193|SERVICIOS WEB|PROPIETARIO|M|50|SANTIAGO DE SURCO|LIMA|ITALIANA|2023|OCTUBRE|19|E|ITALIANA|2023-10-06
194|SERVICIOS WEB|PROPIETARIO|M|49|SANTIAGO DE SURCO|LIMA|ECUATORIANA|2023|OCTUBRE|0|E|ECUATORIANA|2023-10-06
195|SERVICIOS WEB|PROPIETARIO|M|85|SAN MIGUEL|LIMA|ESTADOUNIDENSE|2023|OCTUBRE|0|E|ESTADOUNIDENSE|2023-10-06
196|SERVICIOS WEB|PROPIETARIO|F|38|TACNA|TACNA|VENEZOLANA|2023|OCTUBRE|7|E|VENEZOLANA|2023-10-06
197|SERVICIOS WEB|PROPIETARIO|M|46|MIRAFLORES|LIMA|ESTADOUNIDENSE|2023|OCTUBRE|0|E|ESTADOUNIDENSE|2023-10-06
198|SERVICIOS WEB|PROPIETARIO|F|33|COMAS|LIMA|VENEZOLANA|2023|OCTUBRE|0|E|VENEZOLANA|2023-10-06
199|SERVICIOS WEB|PROPIETARIO|F|44|MIRAFLORES|LIMA|RUMANA|2023|OCTUBRE|0|E|RUMANA|2023-10-06
200|SERVICIOS WEB|PROPIETARIO|M|33|MAGDALENA DEL MAR|LIMA|DE YEMEN|2023|OCTUBRE|2|E|DE YEMEN|2023-10-06
201|SERVICIOS WEB|PROPIETARIO|M|70|<NO DEFINIDO>|<NO DEFINIDO>|ESPA헲LA|2023|OCTUBRE|88|E|ESPA헲LA|2023-10-06
202|SERVICIOS WEB|PROPIETARIO|F|37|EL AGUSTINO|LIMA|VENEZOLANA|2023|OCTUBRE|1|E|VENEZOLANA|2023-10-06
203|SERVICIOS WEB|PROPIETARIO|F|37|SAN MIGUEL|LIMA|VENEZOLANA|2023|OCTUBRE|0|E|VENEZOLANA|2023-10-06
204|SERVICIOS WEB|PROPIETARIO|M|46|BRE헤|LIMA|URUGUAYA|2023|OCTUBRE|0|E|URUGUAYA|2023-10-07
205|SERVICIOS WEB|PROPIETARIO|M|51|SAN MIGUEL|LIMA|ESPA헲LA|2023|OCTUBRE|30|E|ESPA헲LA|2023-10-07
206|SERVICIOS WEB|PROPIETARIO|F|33|INDEPENDENCIA|LIMA|VENEZOLANA|2023|OCTUBRE|0|E|VENEZOLANA|2023-10-07
207|SERVICIOS WEB|PROPIETARIO|F|37|PARI헤S|PIURA|VENEZOLANA|2023|OCTUBRE|1|E|VENEZOLANA|2023-10-07
208|SERVICIOS WEB|PROPIETARIO|M|25|CHULUCANAS|PIURA|COLOMBIANA|2023|OCTUBRE|3|E|COLOMBIANA|2023-10-07
209|SERVICIOS WEB|PROPIETARIO|M|29|VILLA EL SALVADOR|LIMA|VENEZOLANA|2023|OCTUBRE|0|E|VENEZOLANA|2023-10-07
210|SERVICIOS WEB|PROPIETARIO|M|47|<NO DEFINIDO>|<NO DEFINIDO>|ARGENTINA|2023|OCTUBRE|6|E|ARGENTINA|2023-10-07
211|SERVICIOS WEB|PROPIETARIO|M|46|LIMA|LIMA|MEXICANA|2023|OCTUBRE|66|E|MEXICANA|2023-10-09
212|SERVICIOS WEB|PROPIETARIO|M|23|SANTIAGO DE SURCO|LIMA|PARAGUAYA|2023|OCTUBRE|15|E|PARAGUAYA|2023-10-09
213|SERVICIOS WEB|PROPIETARIO|M|40|SAN MARTIN DE PORRES|LIMA|ARGENTINA|2023|OCTUBRE|0|E|ARGENTINA|2023-10-09
214|SERVICIOS WEB|PROPIETARIO|M|37|RIMAC|LIMA|VENEZOLANA|2023|OCTUBRE|0|E|VENEZOLANA|2023-10-09
215|SERVICIOS WEB|PROPIETARIO|M|68|COMAS|LIMA|VENEZOLANA|2023|OCTUBRE|0|E|VENEZOLANA|2023-10-09
216|SERVICIOS WEB|PROPIETARIO|M|29|SAN MARTIN DE PORRES|LIMA|VENEZOLANA|2023|OCTUBRE|0|E|VENEZOLANA|2023-10-09
217|SERVICIOS WEB|PROPIETARIO|M|31|COMAS|LIMA|VENEZOLANA|2023|OCTUBRE|0|E|VENEZOLANA|2023-10-09
218|SERVICIOS WEB|PROPIETARIO|M|32|CUSCO|CUSCO|FRANCESA|2023|OCTUBRE|33|E|FRANCESA|2023-10-09
219|SERVICIOS WEB|PROPIETARIO|F|25|SAN LUIS|LIMA|VENEZOLANA|2023|OCTUBRE|0|E|VENEZOLANA|2023-10-09
220|SERVICIOS WEB|PROPIETARIO|F|27|LOS OLIVOS|LIMA|COLOMBIANA|2023|OCTUBRE|0|E|COLOMBIANA|2023-10-09
221|SERVICIOS WEB|PROPIETARIO|F|20|VENTANILLA|CALLAO|VENEZOLANA|2023|OCTUBRE|0|E|VENEZOLANA|2023-10-09
222|SERVICIOS WEB|PROPIETARIO|M|39|BELLAVISTA|CALLAO|VENEZOLANA|2023|OCTUBRE|0|E|VENEZOLANA|2023-10-09
223|SERVICIOS WEB|PROPIETARIO|M|40|COMAS|LIMA|VENEZOLANA|2023|OCTUBRE|1|E|VENEZOLANA|2023-10-09
224|SERVICIOS WEB|PROPIETARIO|M|50|MIRAFLORES|LIMA|ESPA헲LA|2023|OCTUBRE|21|E|ESPA헲LA|2023-10-09
225|SERVICIOS WEB|PROPIETARIO|M|54|MIRAFLORES|LIMA|ESTADOUNIDENSE|2023|OCTUBRE|269|E|ESTADOUNIDENSE|2023-10-09
226|SERVICIOS WEB|PROPIETARIO|M|38|SAN JUAN DE LURIGANCHO|LIMA|GUATEMALTECA|2023|OCTUBRE|0|E|GUATEMALTECA|2023-10-09
227|SERVICIOS WEB|PROPIETARIO|M|24|SAN GABAN|PUNO|CHINA|2023|OCTUBRE|0|E|CHINA|2023-10-09
228|SERVICIOS WEB|PROPIETARIO|M|47|PARI헤S|PIURA|VENEZOLANA|2023|OCTUBRE|7|E|VENEZOLANA|2023-10-09
229|SERVICIOS WEB|PROPIETARIO|M|59|JESUS MARIA|LIMA|CHINA|2023|OCTUBRE|42|E|CHINA|2023-10-09
230|SERVICIOS WEB|PROPIETARIO|M|58|CHIMBOTE|ANCASH|PERUANA|2023|OCTUBRE|0|E|PERUANA|2023-10-09
231|SERVICIOS WEB|PROPIETARIO|F|38|LOS OLIVOS|LIMA|VENEZOLANA|2023|OCTUBRE|0|E|VENEZOLANA|2023-10-09
232|SERVICIOS WEB|PROPIETARIO|M|22|SAN MARTIN DE PORRES|LIMA|VENEZOLANA|2023|OCTUBRE|1|E|VENEZOLANA|2023-10-09
233|SERVICIOS WEB|PROPIETARIO|M|42|LINCE|LIMA|ARGENTINA|2023|OCTUBRE|0|E|ARGENTINA|2023-10-09
234|SERVICIOS WEB|PROPIETARIO|F|32|LOS OLIVOS|LIMA|VENEZOLANA|2023|OCTUBRE|0|E|VENEZOLANA|2023-10-09
235|SERVICIOS WEB|PROPIETARIO|F|27|SANTIAGO DE SURCO|LIMA|VENEZOLANA|2023|OCTUBRE|0|E|VENEZOLANA|2023-10-09
236|SERVICIOS WEB|PROPIETARIO|M|80|<NO DEFINIDO>|<NO DEFINIDO>|ALEMANA|2023|OCTUBRE|21|E|ALEMANA|2023-10-09
237|SERVICIOS WEB|PROPIETARIO|M|80|<NO DEFINIDO>|<NO DEFINIDO>|ALEMANA|2023|OCTUBRE|21|E|ALEMANA|2023-10-09
238|SERVICIOS WEB|PROPIETARIO|M|31|LA PERLA|CALLAO|CUBANA|2023|OCTUBRE|0|E|CUBANA|2023-10-09
239|SERVICIOS WEB|PROPIETARIO|M|46|LA MOLINA|LIMA|COLOMBIANA|2023|OCTUBRE|2|E|COLOMBIANA|2023-10-09
240|SERVICIOS WEB|PROPIETARIO|F|28|LIMA|LIMA|VENEZOLANA|2023|OCTUBRE|0|E|VENEZOLANA|2023-10-09
241|SERVICIOS WEB|PROPIETARIO|M|26|SAN MARTIN DE PORRES|LIMA|VENEZOLANA|2023|OCTUBRE|1|E|VENEZOLANA|2023-10-09
242|SERVICIOS WEB|PROPIETARIO|M|34|SANTA ANITA|LIMA|VENEZOLANA|2023|OCTUBRE|0|E|VENEZOLANA|2023-10-09
243|SERVICIOS WEB|PROPIETARIO|M|31|SANTA ANITA|LIMA|VENEZOLANA|2023|OCTUBRE|0|E|VENEZOLANA|2023-10-09
244|SERVICIOS WEB|PROPIETARIO|M|38|MIRAFLORES|LIMA|MEXICANA|2023|OCTUBRE|0|E|MEXICANA|2023-10-09
245|SERVICIOS WEB|PROPIETARIO|F|38|SAN JUAN DE LURIGANCHO|LIMA|VENEZOLANA|2023|OCTUBRE|3|E|VENEZOLANA|2023-10-09
246|SERVICIOS WEB|PROPIETARIO|M|18|SAN MIGUEL|LIMA|VENEZOLANA|2023|OCTUBRE|0|E|VENEZOLANA|2023-10-10
247|SERVICIOS WEB|PROPIETARIO|M|62|LIMA|LIMA|PERUANA|2023|OCTUBRE|0|E|PERUANA|2023-10-10
248|SERVICIOS WEB|PROPIETARIO|M|38|SAN ISIDRO|LIMA|COLOMBIANA|2023|OCTUBRE|29|E|COLOMBIANA|2023-10-10
249|SERVICIOS WEB|PROPIETARIO|F|35|INDEPENDENCIA|LIMA|VENEZOLANA|2023|OCTUBRE|0|E|VENEZOLANA|2023-10-10
250|SERVICIOS WEB|PROPIETARIO|M|42|SANTIAGO DE SURCO|LIMA|MONGOL|2023|OCTUBRE|0|E|MONGOL|2023-10-10
251|SERVICIOS WEB|PROPIETARIO|M|36|SAN ISIDRO|LIMA|MONGOL|2023|OCTUBRE|0|E|MONGOL|2023-10-10
252|SERVICIOS WEB|PROPIETARIO|M|36|SANTIAGO DE SURCO|LIMA|MONGOL|2023|OCTUBRE|0|E|MONGOL|2023-10-10
253|SERVICIOS WEB|PROPIETARIO|M|32|MIRAFLORES|LIMA|MONGOL|2023|OCTUBRE|0|E|MONGOL|2023-10-10
254|SERVICIOS WEB|PROPIETARIO|M|29|SAN ISIDRO|LIMA|MONGOL|2023|OCTUBRE|0|E|MONGOL|2023-10-10
255|SERVICIOS WEB|PROPIETARIO|M|49|SAN ISIDRO|LIMA|MONGOL|2023|OCTUBRE|0|E|MONGOL|2023-10-10
256|SERVICIOS WEB|PROPIETARIO|M|32|SAN JUAN DE LURIGANCHO|LIMA|VENEZOLANA|2023|OCTUBRE|0|E|VENEZOLANA|2023-10-10
257|SERVICIOS WEB|PROPIETARIO|F|49|SAN MARTIN DE PORRES|LIMA|VENEZOLANA|2023|OCTUBRE|1|E|VENEZOLANA|2023-10-10
258|SERVICIOS WEB|PROPIETARIO|F|41|BARRANCO|LIMA|MEXICANA|2023|OCTUBRE|0|E|MEXICANA|2023-10-10
259|SERVICIOS WEB|PROPIETARIO|M|33|LA PERLA|CALLAO|VENEZOLANA|2023|OCTUBRE|0|E|VENEZOLANA|2023-10-10
260|SERVICIOS WEB|PROPIETARIO|M|59|MIRAFLORES|LIMA|BRASILERA|2023|OCTUBRE|0|E|BRASILERA|2023-10-10
261|SERVICIOS WEB|PROPIETARIO|F|32|SANTIAGO DE SURCO|LIMA|MONGOL|2023|OCTUBRE|2|E|MONGOL|2023-10-10
262|SERVICIOS WEB|PROPIETARIO|F|37|SAN JUAN DE LURIGANCHO|LIMA|COLOMBIANA|2023|OCTUBRE|0|E|COLOMBIANA|2023-10-10
263|SERVICIOS WEB|PROPIETARIO|F|97|SAN ISIDRO|LIMA|ARGENTINA|2023|OCTUBRE|46|E|ARGENTINA|2023-10-10
264|SERVICIOS WEB|PROPIETARIO|F|52|SAN BORJA|LIMA|CHILENA|2023|OCTUBRE|7|E|CHILENA|2023-10-10
265|SERVICIOS WEB|PROPIETARIO|M|60|SANTIAGO DE SURCO|LIMA|ESTADOUNIDENSE|2023|OCTUBRE|107|E|ESTADOUNIDENSE|2023-10-10
266|SERVICIOS WEB|PROPIETARIO|F|48|LIMA|LIMA|PERUANA|2023|OCTUBRE|0|E|PERUANA|2023-10-10
267|SERVICIOS WEB|PROPIETARIO|M|85|SAN MIGUEL|LIMA|ESTADOUNIDENSE|2023|OCTUBRE|0|E|ESTADOUNIDENSE|2023-10-10
268|SERVICIOS WEB|PROPIETARIO|M|30|SAN MIGUEL|LIMA|VENEZOLANA|2023|OCTUBRE|0|E|VENEZOLANA|2023-10-10
269|SERVICIOS WEB|PROPIETARIO|M|34|SAN MARTIN DE PORRES|LIMA|CHILENA|2023|OCTUBRE|1|E|CHILENA|2023-10-10
270|SERVICIOS WEB|PROPIETARIO|M|60|MIRAFLORES|LIMA|ARGENTINA|2023|OCTUBRE|2|E|ARGENTINA|2023-10-10
271|SERVICIOS WEB|PROPIETARIO|F|46|MIRAFLORES|LIMA|ARGENTINA|2023|OCTUBRE|348|E|ARGENTINA|2023-10-10
272|SERVICIOS WEB|PROPIETARIO|M|47|SANTIAGO DE SURCO|LIMA|ITALIANA|2023|OCTUBRE|83|E|ITALIANA|2023-10-10
273|SERVICIOS WEB|PROPIETARIO|M|43|MIRAFLORES|LIMA|COLOMBIANA|2023|OCTUBRE|0|E|COLOMBIANA|2023-10-10
274|SERVICIOS WEB|PROPIETARIO|M|53|SAN ISIDRO|LIMA|ESPA헲LA|2023|OCTUBRE|0|E|ESPA헲LA|2023-10-10
275|SERVICIOS WEB|PROPIETARIO|M|35|MIRAFLORES|LIMA|COLOMBIANA|2023|OCTUBRE|24|E|COLOMBIANA|2023-10-10
276|SERVICIOS WEB|PROPIETARIO|M|47|MIRAFLORES|LIMA|VENEZOLANA|2023|OCTUBRE|0|E|VENEZOLANA|2023-10-10
277|SERVICIOS WEB|PROPIETARIO|F|32|LA VICTORIA|LIMA|VENEZOLANA|2023|OCTUBRE|0|E|VENEZOLANA|2023-10-10
278|SERVICIOS WEB|PROPIETARIO|M|34|SAN JUAN DE LURIGANCHO|LIMA|VENEZOLANA|2023|OCTUBRE|0|E|VENEZOLANA|2023-10-10
279|SERVICIOS WEB|PROPIETARIO|M|90|BARRANCA|LIMA|ESTADOUNIDENSE|2023|OCTUBRE|31|E|ESTADOUNIDENSE|2023-10-10
280|SERVICIOS WEB|PROPIETARIO|F|30|SAN ISIDRO|LIMA|CHINA|2023|OCTUBRE|0|E|CHINA|2023-10-10
281|SERVICIOS WEB|PROPIETARIO|M|35|SAN ISIDRO|LIMA|CHINA|2023|OCTUBRE|13|E|CHINA|2023-10-10
282|SERVICIOS WEB|PROPIETARIO|M|49|SAN ISIDRO|LIMA|ESPA헲LA|2023|OCTUBRE|500|E|ESPA헲LA|2023-10-10
283|SERVICIOS WEB|PROPIETARIO|M|36|BARRANCO|LIMA|VENEZOLANA|2023|OCTUBRE|0|E|VENEZOLANA|2023-10-10
284|SERVICIOS WEB|PROPIETARIO|M|66|SAN ISIDRO|LIMA|CHILENA|2023|OCTUBRE|1|E|CHILENA|2023-10-10
285|SERVICIOS WEB|PROPIETARIO|M|65|SAN ISIDRO|LIMA|AUSTRALIANA|2023|OCTUBRE|0|E|AUSTRALIANA|2023-10-10
286|SERVICIOS WEB|PROPIETARIO|M|33|SAN JUAN DE LURIGANCHO|LIMA|VENEZOLANA|2023|OCTUBRE|0|E|VENEZOLANA|2023-10-10
287|SERVICIOS WEB|PROPIETARIO|M|71|SAN ISIDRO|LIMA|AUSTRALIANA|2023|OCTUBRE|16|E|AUSTRALIANA|2023-10-10
288|SERVICIOS WEB|PROPIETARIO|M|54|CARMEN DE LA LEGUA REYNOSO|CALLAO|ESPA헲LA|2023|OCTUBRE|0|E|ESPA헲LA|2023-10-10
289|SERVICIOS WEB|PROPIETARIO|M|58|LA MOLINA|LIMA|ARGENTINA|2023|OCTUBRE|0|E|ARGENTINA|2023-10-10
290|SERVICIOS WEB|PROPIETARIO|F|31|EL AGUSTINO|LIMA|VENEZOLANA|2023|OCTUBRE|0|E|VENEZOLANA|2023-10-10
291|SERVICIOS WEB|PROPIETARIO|M|34|LOS OLIVOS|LIMA|VENEZOLANA|2023|OCTUBRE|1|E|VENEZOLANA|2023-10-10
292|SERVICIOS WEB|PROPIETARIO|M|50|LA VICTORIA|LIMA|CHINA|2023|OCTUBRE|0|E|CHINA|2023-10-10
293|SERVICIOS WEB|PROPIETARIO|M|57|SAN BORJA|LIMA|CHILENA|2023|OCTUBRE|2|E|CHILENA|2023-10-11
294|SERVICIOS WEB|PROPIETARIO|M|56|MIRAFLORES|LIMA|VENEZOLANA|2023|OCTUBRE|0|E|VENEZOLANA|2023-10-11
295|SERVICIOS WEB|PROPIETARIO|F|52|SAN ISIDRO|LIMA|URUGUAYA|2023|OCTUBRE|0|E|URUGUAYA|2023-10-11
296|SERVICIOS WEB|PROPIETARIO|F|79|COMAS|LIMA|COLOMBIANA|2023|OCTUBRE|0|E|COLOMBIANA|2023-10-11
297|SERVICIOS WEB|PROPIETARIO|M|18|SAN MIGUEL|LIMA|VENEZOLANA|2023|OCTUBRE|0|E|VENEZOLANA|2023-10-11
298|SERVICIOS WEB|PROPIETARIO|M|31|TARMA|JUNIN|URUGUAYA|2023|OCTUBRE|0|E|URUGUAYA|2023-10-11
299|SERVICIOS WEB|PROPIETARIO|M|32|VICTOR LARCO HERRERA|LA LIBERTAD|COLOMBIANA|2023|OCTUBRE|23|E|COLOMBIANA|2023-10-11
300|SERVICIOS WEB|PROPIETARIO|M|28|VICTOR LARCO HERRERA|LA LIBERTAD|ECUATORIANA|2023|OCTUBRE|0|E|ECUATORIANA|2023-10-11
301|SERVICIOS WEB|PROPIETARIO|F|26|SAN SEBASTIAN|CUSCO|ESPA헲LA|2023|OCTUBRE|7|E|ESPA헲LA|2023-10-11
302|SERVICIOS WEB|PROPIETARIO|M|42|SAN ISIDRO|LIMA|CHILENA|2023|OCTUBRE|19|E|CHILENA|2023-10-11
303|SERVICIOS WEB|PROPIETARIO|M|45|SAN ISIDRO|LIMA|COLOMBIANA|2023|OCTUBRE|9|E|COLOMBIANA|2023-10-11
304|SERVICIOS WEB|PROPIETARIO|M|41|SAN ISIDRO|LIMA|ARGENTINA|2023|OCTUBRE|39|E|ARGENTINA|2023-10-11
305|SERVICIOS WEB|PROPIETARIO|M|50|PARI헤S|PIURA|VENEZOLANA|2023|OCTUBRE|0|E|VENEZOLANA|2023-10-11
306|SERVICIOS WEB|PROPIETARIO|M|41|TUMBES|TUMBES|VENEZOLANA|2023|OCTUBRE|3|E|VENEZOLANA|2023-10-11
307|SERVICIOS WEB|PROPIETARIO|F|36|TRUJILLO|LA LIBERTAD|VENEZOLANA|2023|OCTUBRE|0|E|VENEZOLANA|2023-10-11
308|SERVICIOS WEB|PROPIETARIO|F|46|SECHURA|PIURA|VENEZOLANA|2023|OCTUBRE|0|E|VENEZOLANA|2023-10-11
309|SERVICIOS WEB|PROPIETARIO|M|35|CHORRILLOS|LIMA|VENEZOLANA|2023|OCTUBRE|0|E|VENEZOLANA|2023-10-11
310|SERVICIOS WEB|PROPIETARIO|F|35|SANTA ANITA|LIMA|VENEZOLANA|2023|OCTUBRE|0|E|VENEZOLANA|2023-10-11
311|SERVICIOS WEB|PROPIETARIO|F|33|SANTIAGO DE SURCO|LIMA|NICARAGUENSE|2023|OCTUBRE|0|E|NICARAGUENSE|2023-10-11
312|SERVICIOS WEB|PROPIETARIO|M|60|<NO DEFINIDO>|<NO DEFINIDO>|ESPA헲LA|2023|OCTUBRE|142|E|ESPA헲LA|2023-10-11
313|SERVICIOS WEB|PROPIETARIO|M|36|PAUCARPATA|AREQUIPA|VENEZOLANA|2023|OCTUBRE|9|E|VENEZOLANA|2023-10-11
314|SERVICIOS WEB|PROPIETARIO|M|63|PARI헤S|PIURA|VENEZOLANA|2023|OCTUBRE|0|E|VENEZOLANA|2023-10-11
315|SERVICIOS WEB|PROPIETARIO|M|55|PARI헤S|PIURA|VENEZOLANA|2023|OCTUBRE|0|E|VENEZOLANA|2023-10-11
316|SERVICIOS WEB|PROPIETARIO|F|44|SAN BORJA|LIMA|ARGENTINA|2023|OCTUBRE|0|E|ARGENTINA|2023-10-11
317|SERVICIOS WEB|PROPIETARIO|F|29|PUEBLO LIBRE (MAGDALENA VIEJA)|LIMA|ARGENTINA|2023|OCTUBRE|1|E|ARGENTINA|2023-10-11
318|SERVICIOS WEB|PROPIETARIO|M|68|<NO DEFINIDO>|<NO DEFINIDO>|GRIEGA|2023|OCTUBRE|27|E|GRIEGA|2023-10-11
319|SERVICIOS WEB|PROPIETARIO|F|38|LINCE|LIMA|COLOMBIANA|2023|OCTUBRE|0|E|COLOMBIANA|2023-10-11
320|SERVICIOS WEB|PROPIETARIO|F|57|SAN BORJA|LIMA|COLOMBIANA|2023|OCTUBRE|0|E|COLOMBIANA|2023-10-11
321|SERVICIOS WEB|PROPIETARIO|M|33|PUEBLO NUEVO|ICA|BOLIVIANA|2023|OCTUBRE|0|E|BOLIVIANA|2023-10-11
322|SERVICIOS WEB|PROPIETARIO|M|35|LOS OLIVOS|LIMA|VENEZOLANA|2023|OCTUBRE|1|E|VENEZOLANA|2023-10-11
323|SERVICIOS WEB|PROPIETARIO|F|29|ATE|LIMA|ITALIANA|2023|OCTUBRE|3|E|ITALIANA|2023-10-11
324|SERVICIOS WEB|PROPIETARIO|M|58|SAN ISIDRO|LIMA|BRASILERA|2023|OCTUBRE|0|E|BRASILERA|2023-10-11
325|SERVICIOS WEB|PROPIETARIO|M|33|HUANUCO|HUANUCO|FILIPINA|2023|OCTUBRE|5|E|FILIPINA|2023-10-12
326|SERVICIOS WEB|PROPIETARIO|F|23|JESUS MARIA|LIMA|VENEZOLANA|2023|OCTUBRE|1|E|VENEZOLANA|2023-10-12
327|SERVICIOS WEB|PROPIETARIO|M|29|SAN BORJA|LIMA|BRASILERA|2023|OCTUBRE|3|E|BRASILERA|2023-10-12
328|SERVICIOS WEB|PROPIETARIO|F|56|MIRAFLORES|LIMA|CHINA|2023|OCTUBRE|0|E|CHINA|2023-10-12
329|SERVICIOS WEB|PROPIETARIO|M|40|VILLA EL SALVADOR|LIMA|ECUATORIANA|2023|OCTUBRE|2|E|ECUATORIANA|2023-10-12
330|LIMA|PROPIETARIO|M|15|SANTIAGO DE SURCO|LIMA|VENEZOLANA|2023|OCTUBRE|41|E|VENEZOLANA|2023-10-12
331|SERVICIOS WEB|PROPIETARIO|M|26|VICTOR LARCO HERRERA|LA LIBERTAD|VENEZOLANA|2023|OCTUBRE|0|E|VENEZOLANA|2023-10-12
332|SERVICIOS WEB|PROPIETARIO|F|47|SAN ISIDRO|LIMA|CHINA|2023|OCTUBRE|0|E|CHINA|2023-10-12
333|SERVICIOS WEB|PROPIETARIO|M|51|PISCO|ICA|CHINA|2023|OCTUBRE|0|E|CHINA|2023-10-12
334|SERVICIOS WEB|PROPIETARIO|M|43|BARRANCO|LIMA|FRANCESA|2023|OCTUBRE|0|E|FRANCESA|2023-10-12
335|LIMA|PROPIETARIO|F|39|LIMA|LIMA|VENEZOLANA|2023|OCTUBRE|1|E|VENEZOLANA|2023-10-12
336|SERVICIOS WEB|PROPIETARIO|M|41|SAN ISIDRO|LIMA|ARGENTINA|2023|OCTUBRE|0|E|ARGENTINA|2023-10-12
337|SERVICIOS WEB|PROPIETARIO|M|69|SANTIAGO DE SURCO|LIMA|AUSTRIACA|2023|OCTUBRE|0|E|AUSTRIACA|2023-10-12
338|SERVICIOS WEB|PROPIETARIO|M|27|ATE|LIMA|VENEZOLANA|2023|OCTUBRE|0|E|VENEZOLANA|2023-10-12
339|SERVICIOS WEB|PROPIETARIO|F|30|MIRAFLORES|LIMA|RUSA|2023|OCTUBRE|0|E|RUSA|2023-10-12
340|SERVICIOS WEB|PROPIETARIO|M|37|SAN ISIDRO|LIMA|BRITANICA|2023|OCTUBRE|3|E|BRITANICA|2023-10-12
341|SERVICIOS WEB|PROPIETARIO|M|59|SAN ISIDRO|LIMA|COLOMBIANA|2023|OCTUBRE|227|E|COLOMBIANA|2023-10-12
342|SERVICIOS WEB|PROPIETARIO|F|32|MIRAFLORES|LIMA|VENEZOLANA|2023|OCTUBRE|0|E|VENEZOLANA|2023-10-12
343|SERVICIOS WEB|PROPIETARIO|M|52|SAN ISIDRO|LIMA|ISRAELI|2023|OCTUBRE|0|E|ISRAELI|2023-10-12
344|SERVICIOS WEB|PROPIETARIO|M|54|JESUS MARIA|LIMA|ESPA헲LA|2023|OCTUBRE|0|E|ESPA헲LA|2023-10-12
345|SERVICIOS WEB|PROPIETARIO|M|35|SAN MARTIN DE PORRES|LIMA|VENEZOLANA|2023|OCTUBRE|0|E|VENEZOLANA|2023-10-12
346|SERVICIOS WEB|PROPIETARIO|F|33|VENTANILLA|CALLAO|VENEZOLANA|2023|OCTUBRE|0|E|VENEZOLANA|2023-10-12
347|LIMA|PROPIETARIO|M|19|LOS OLIVOS|LIMA|VENEZOLANA|2023|OCTUBRE|1|E|VENEZOLANA|2023-10-12
348|SERVICIOS WEB|PROPIETARIO|F|42|LA MOLINA|LIMA|CHILENA|2023|OCTUBRE|0|E|CHILENA|2023-10-12
349|SERVICIOS WEB|PROPIETARIO|M|59|MIRAFLORES|LIMA|ESTADOUNIDENSE|2023|OCTUBRE|0|E|ESTADOUNIDENSE|2023-10-12
350|SERVICIOS WEB|PROPIETARIO|M|40|MIRAFLORES|LIMA|CHINA|2023|OCTUBRE|0|E|CHINA|2023-10-12
351|SERVICIOS WEB|PROPIETARIO|M|44|SANTIAGO DE SURCO|LIMA|VENEZOLANA|2023|OCTUBRE|0|E|VENEZOLANA|2023-10-12
352|SERVICIOS WEB|PROPIETARIO|M|25|PUNTA HERMOSA|LIMA|COLOMBIANA|2023|OCTUBRE|1|E|COLOMBIANA|2023-10-12
353|SERVICIOS WEB|PROPIETARIO|F|41|WANCHAQ|CUSCO|MEXICANA|2023|OCTUBRE|8|E|MEXICANA|2023-10-12
354|SERVICIOS WEB|PROPIETARIO|F|32|TRUJILLO|LA LIBERTAD|RUSA|2023|OCTUBRE|7|E|RUSA|2023-10-12
355|SERVICIOS WEB|PROPIETARIO|F|38|CHORRILLOS|LIMA|VENEZOLANA|2023|OCTUBRE|0|E|VENEZOLANA|2023-10-12
356|SERVICIOS WEB|PROPIETARIO|F|35|SAN MARTIN DE PORRES|LIMA|CUBANA|2023|OCTUBRE|0|E|CUBANA|2023-10-13
357|SERVICIOS WEB|PROPIETARIO|M|78|SANTIAGO DE SURCO|LIMA|ITALIANA|2023|OCTUBRE|12|E|ITALIANA|2023-10-13
358|SERVICIOS WEB|PROPIETARIO|M|53|SAN ISIDRO|LIMA|ESPA헲LA|2023|OCTUBRE|0|E|ESPA헲LA|2023-10-13
359|SERVICIOS WEB|PROPIETARIO|F|25|SANTA ANITA|LIMA|VENEZOLANA|2023|OCTUBRE|0|E|VENEZOLANA|2023-10-13
360|SERVICIOS WEB|PROPIETARIO|F|27|CALLAO|CALLAO|VENEZOLANA|2023|OCTUBRE|0|E|VENEZOLANA|2023-10-13
361|SERVICIOS WEB|PROPIETARIO|M|33|SAN ISIDRO|LIMA|CHINA|2023|OCTUBRE|0|E|CHINA|2023-10-13
362|SERVICIOS WEB|PROPIETARIO|F|30|SAN ISIDRO|LIMA|CHINA|2023|OCTUBRE|0|E|CHINA|2023-10-13
363|SERVICIOS WEB|PROPIETARIO|M|58|MIRAFLORES|LIMA|ESPA헲LA|2023|OCTUBRE|0|E|ESPA헲LA|2023-10-13
364|SERVICIOS WEB|PROPIETARIO|M|51|SAN ISIDRO|LIMA|CHILENA|2023|OCTUBRE|0|E|CHILENA|2023-10-13
365|SERVICIOS WEB|PROPIETARIO|M|61|MIRAFLORES|LIMA|PORTUGUESA|2023|OCTUBRE|0|E|PORTUGUESA|2023-10-13
366|SERVICIOS WEB|PROPIETARIO|F|34|SAN MIGUEL|LIMA|ECUATORIANA|2023|OCTUBRE|13|E|ECUATORIANA|2023-10-13
367|SERVICIOS WEB|PROPIETARIO|F|23|SAN JUAN DE LURIGANCHO|LIMA|VENEZOLANA|2023|OCTUBRE|1|E|VENEZOLANA|2023-10-13
368|SERVICIOS WEB|PROPIETARIO|M|36|SAN ISIDRO|LIMA|CHINA|2023|OCTUBRE|0|E|CHINA|2023-10-13
369|SERVICIOS WEB|PROPIETARIO|F|34|VILLA MARIA DEL TRIUNFO|LIMA|VENEZOLANA|2023|OCTUBRE|0|E|VENEZOLANA|2023-10-13
370|SERVICIOS WEB|PROPIETARIO|M|53|MIRAFLORES|LIMA|MEXICANA|2023|OCTUBRE|0|E|MEXICANA|2023-10-13
371|SERVICIOS WEB|PROPIETARIO|M|25|CHICLAYO|LAMBAYEQUE|VENEZOLANA|2023|OCTUBRE|0|E|VENEZOLANA|2023-10-13
372|SERVICIOS WEB|PROPIETARIO|M|63|MIRAFLORES|LIMA|ESPA헲LA|2023|OCTUBRE|0|E|ESPA헲LA|2023-10-13
373|SERVICIOS WEB|PROPIETARIO|M|35|<NO DEFINIDO>|<NO DEFINIDO>|ALEMANA|2023|OCTUBRE|65|E|ALEMANA|2023-10-13
374|SERVICIOS WEB|PROPIETARIO|M|39|BELLAVISTA|CALLAO|VENEZOLANA|2023|OCTUBRE|0|E|VENEZOLANA|2023-10-13
375|SERVICIOS WEB|PROPIETARIO|M|49|SANTA ANITA|LIMA|VENEZOLANA|2023|OCTUBRE|1|E|VENEZOLANA|2023-10-13
376|SERVICIOS WEB|PROPIETARIO|M|49|CHORRILLOS|LIMA|VENEZOLANA|2023|OCTUBRE|0|E|VENEZOLANA|2023-10-13
377|SERVICIOS WEB|PROPIETARIO|F|36|MIRAFLORES|LIMA|ESPA헲LA|2023|OCTUBRE|7|E|ESPA헲LA|2023-10-13
378|SERVICIOS WEB|PROPIETARIO|F|31|SAN MARTIN DE PORRES|LIMA|VENEZOLANA|2023|OCTUBRE|0|E|VENEZOLANA|2023-10-13
379|SERVICIOS WEB|PROPIETARIO|M|32|MIRAFLORES|LIMA|ECUATORIANA|2023|OCTUBRE|17|E|ECUATORIANA|2023-10-13
380|SERVICIOS WEB|PROPIETARIO|M|41|MIRAFLORES|LIMA|CHINA|2023|OCTUBRE|0|E|CHINA|2023-10-13
381|SERVICIOS WEB|PROPIETARIO|M|37|MORALES|SAN MARTIN|VENEZOLANA|2023|OCTUBRE|0|E|VENEZOLANA|2023-10-13
382|SERVICIOS WEB|PROPIETARIO|M|52|SAN JUAN DE LURIGANCHO|LIMA|CHINA|2023|OCTUBRE|0|E|CHINA|2023-10-13
383|SERVICIOS WEB|PROPIETARIO|M|42|CHINCHA ALTA|ICA|VENEZOLANA|2023|OCTUBRE|0|E|VENEZOLANA|2023-10-13
384|SERVICIOS WEB|PROPIETARIO|F|53|HUANCAYO|JUNIN|BRASILERA|2023|OCTUBRE|1|E|BRASILERA|2023-10-13
385|SERVICIOS WEB|PROPIETARIO|M|19|SANTIAGO DE SURCO|LIMA|PERUANA|2023|OCTUBRE|14|E|PERUANA|2023-10-14
386|SERVICIOS WEB|PROPIETARIO|M|41|LOS OLIVOS|LIMA|CHINA|2023|OCTUBRE|0|E|CHINA|2023-10-14
387|SERVICIOS WEB|PROPIETARIO|F|26|SAN MARTIN DE PORRES|LIMA|VENEZOLANA|2023|OCTUBRE|0|E|VENEZOLANA|2023-10-14
388|SERVICIOS WEB|PROPIETARIO|M|64|MIRAFLORES|LIMA|ESPA헲LA|2023|OCTUBRE|59|E|ESPA헲LA|2023-10-14
389|SERVICIOS WEB|PROPIETARIO|F|31|LA VICTORIA|LIMA|VENEZOLANA|2023|OCTUBRE|0|E|VENEZOLANA|2023-10-14
390|SERVICIOS WEB|PROPIETARIO|F|31|LOS OLIVOS|LIMA|VENEZOLANA|2023|OCTUBRE|3|E|VENEZOLANA|2023-10-14
391|SERVICIOS WEB|PROPIETARIO|M|35|SANTIAGO DE SURCO|LIMA|CHILENA|2023|OCTUBRE|0|E|CHILENA|2023-10-14
392|SERVICIOS WEB|PROPIETARIO|F|29|SAN BORJA|LIMA|VENEZOLANA|2023|OCTUBRE|0|E|VENEZOLANA|2023-10-14
393|SERVICIOS WEB|PROPIETARIO|F|39|SAN MARTIN DE PORRES|LIMA|VENEZOLANA|2023|OCTUBRE|0|E|VENEZOLANA|2023-10-14
394|SERVICIOS WEB|PROPIETARIO|F|44|SAN ISIDRO|LIMA|ECUATORIANA|2023|OCTUBRE|0|E|ECUATORIANA|2023-10-14
395|SERVICIOS WEB|PROPIETARIO|M|51|SAN ISIDRO|LIMA|ECUATORIANA|2023|OCTUBRE|82|E|ECUATORIANA|2023-10-15
396|SERVICIOS WEB|PROPIETARIO|M|27|LOS OLIVOS|LIMA|VENEZOLANA|2023|OCTUBRE|0|E|VENEZOLANA|2023-10-15
397|SERVICIOS WEB|PROPIETARIO|M|48|SANTIAGO DE SURCO|LIMA|ESPA헲LA|2023|OCTUBRE|0|E|ESPA헲LA|2023-10-15
398|SERVICIOS WEB|PROPIETARIO|M|53|ZARUMILLA|TUMBES|ECUATORIANA|2023|OCTUBRE|3|E|ECUATORIANA|2023-10-15
399|SERVICIOS WEB|PROPIETARIO|M|43|SANTIAGO DE SURCO|LIMA|COLOMBIANA|2023|OCTUBRE|0|E|COLOMBIANA|2023-10-15
400|SERVICIOS WEB|PROPIETARIO|F|48|SAN BORJA|LIMA|BOLIVIANA|2023|OCTUBRE|6|E|BOLIVIANA|2023-10-16
401|SERVICIOS WEB|PROPIETARIO|M|55|SAN BORJA|LIMA|BOLIVIANA|2023|OCTUBRE|5|E|BOLIVIANA|2023-10-16
402|SERVICIOS WEB|PROPIETARIO|M|26|SAN ISIDRO|LIMA|ARGENTINA|2023|OCTUBRE|5|E|ARGENTINA|2023-10-16
403|SERVICIOS WEB|PROPIETARIO|M|27|ATE|LIMA|VENEZOLANA|2023|OCTUBRE|0|E|VENEZOLANA|2023-10-16
404|SERVICIOS WEB|PROPIETARIO|M|31|VILLA MARIA DEL TRIUNFO|LIMA|BOLIVIANA|2023|OCTUBRE|1|E|BOLIVIANA|2023-10-16
405|SERVICIOS WEB|PROPIETARIO|M|53|PIMENTEL|LAMBAYEQUE|CHILENA|2023|OCTUBRE|41|E|CHILENA|2023-10-16
406|SERVICIOS WEB|PROPIETARIO|F|47|LA VICTORIA|LAMBAYEQUE|COLOMBIANA|2023|OCTUBRE|3|E|COLOMBIANA|2023-10-16
407|SERVICIOS WEB|PROPIETARIO|F|31|LURIN|LIMA|VENEZOLANA|2023|OCTUBRE|0|E|VENEZOLANA|2023-10-16
408|SERVICIOS WEB|PROPIETARIO|F|83|MIRAFLORES|LIMA|BRITANICA|2023|OCTUBRE|0|E|BRITANICA|2023-10-16
409|SERVICIOS WEB|PROPIETARIO|M|28|LA MOLINA|LIMA|VENEZOLANA|2023|OCTUBRE|0|E|VENEZOLANA|2023-10-16
410|SERVICIOS WEB|PROPIETARIO|M|92|MIRAFLORES|LIMA|BRITANICA|2023|OCTUBRE|45|E|BRITANICA|2023-10-16
411|LIMA|PROPIETARIO|F|11|VILLA EL SALVADOR|LIMA|VENEZOLANA|2023|OCTUBRE|3|E|VENEZOLANA|2023-10-16
412|SERVICIOS WEB|PROPIETARIO|F|22|NUEVO CHIMBOTE|ANCASH|ECUATORIANA|2023|OCTUBRE|1|E|ECUATORIANA|2023-10-16
413|SERVICIOS WEB|PROPIETARIO|M|57|SAN BORJA|LIMA|CHILENA|2023|OCTUBRE|2|E|CHILENA|2023-10-16
414|SERVICIOS WEB|PROPIETARIO|M|67|SANTA ANITA|LIMA|VENEZOLANA|2023|OCTUBRE|0|E|VENEZOLANA|2023-10-16
415|SERVICIOS WEB|PROPIETARIO|F|35|BRE헤|LIMA|VENEZOLANA|2023|OCTUBRE|0|E|VENEZOLANA|2023-10-16
416|SERVICIOS WEB|PROPIETARIO|F|41|LA MOLINA|LIMA|CHINA|2023|OCTUBRE|0|E|CHINA|2023-10-16
417|SERVICIOS WEB|PROPIETARIO|F|51|LIMA|LIMA|PERUANA|2023|OCTUBRE|10|E|PERUANA|2023-10-16
418|SERVICIOS WEB|PROPIETARIO|F|41|CHICLAYO|LAMBAYEQUE|BOLIVIANA|2023|OCTUBRE|11|E|BOLIVIANA|2023-10-16
419|SERVICIOS WEB|PROPIETARIO|F|35|ATE|LIMA|VENEZOLANA|2023|OCTUBRE|0|E|VENEZOLANA|2023-10-16
420|LIMA|PROPIETARIO|F|14|SAN MARTIN DE PORRES|LIMA|FILIPINA|2023|OCTUBRE|1|E|FILIPINA|2023-10-16
421|SERVICIOS WEB|PROPIETARIO|M|43|SAN ISIDRO|LIMA|COLOMBIANA|2023|OCTUBRE|9|E|COLOMBIANA|2023-10-16
422|SERVICIOS WEB|PROPIETARIO|M|37|SAN JUAN DE LURIGANCHO|LIMA|VENEZOLANA|2023|OCTUBRE|0|E|VENEZOLANA|2023-10-16
423|SERVICIOS WEB|PROPIETARIO|F|34|ATE|LIMA|VENEZOLANA|2023|OCTUBRE|0|E|VENEZOLANA|2023-10-16
424|SERVICIOS WEB|PROPIETARIO|F|45|SAN ISIDRO|LIMA|ARGENTINA|2023|OCTUBRE|0|E|ARGENTINA|2023-10-16
425|LIMA|PROPIETARIO|M|49|LOS OLIVOS|LIMA|VENEZOLANA|2023|OCTUBRE|1|E|VENEZOLANA|2023-10-16
426|SERVICIOS WEB|PROPIETARIO|M|28|<NO DEFINIDO>|<NO DEFINIDO>|COLOMBIANA|2023|OCTUBRE|0|E|COLOMBIANA|2023-10-16
427|SERVICIOS WEB|PROPIETARIO|M|34|ATE|LIMA|VENEZOLANA|2023|OCTUBRE|0|E|VENEZOLANA|2023-10-16
428|SERVICIOS WEB|PROPIETARIO|M|48|MIRAFLORES|LIMA|CHILENA|2023|OCTUBRE|4|E|CHILENA|2023-10-16
429|SERVICIOS WEB|PROPIETARIO|M|32|SAN JUAN DE LURIGANCHO|LIMA|VENEZOLANA|2023|OCTUBRE|0|E|VENEZOLANA|2023-10-16
430|SERVICIOS WEB|PROPIETARIO|M|25|LIMA|LIMA|CHINA|2023|OCTUBRE|0|E|CHINA|2023-10-16
431|SERVICIOS WEB|PROPIETARIO|M|34|EL AGUSTINO|LIMA|CHINA|2023|OCTUBRE|0|E|CHINA|2023-10-16
432|SERVICIOS WEB|PROPIETARIO|M|23|SAN BORJA|LIMA|ECUATORIANA|2023|OCTUBRE|0|E|ECUATORIANA|2023-10-17
433|SERVICIOS WEB|PROPIETARIO|F|40|CHORRILLOS|LIMA|VENEZOLANA|2023|OCTUBRE|0|E|VENEZOLANA|2023-10-17
434|SERVICIOS WEB|PROPIETARIO|M|47|SAN ISIDRO|LIMA|CHINA|2023|OCTUBRE|0|E|CHINA|2023-10-17
435|SERVICIOS WEB|PROPIETARIO|M|25|SAN ISIDRO|LIMA|CHINA|2023|OCTUBRE|0|E|CHINA|2023-10-17
436|SERVICIOS WEB|PROPIETARIO|M|60|SAN GABAN|PUNO|CHINA|2023|OCTUBRE|0|E|CHINA|2023-10-17
437|SERVICIOS WEB|PROPIETARIO|F|29|SANTIAGO DE SURCO|LIMA|CHINA|2023|OCTUBRE|0|E|CHINA|2023-10-17
438|SERVICIOS WEB|PROPIETARIO|M|64|SANTIAGO DE SURCO|LIMA|ESPA헲LA|2023|OCTUBRE|0|E|ESPA헲LA|2023-10-17
439|SERVICIOS WEB|PROPIETARIO|M|23|INDEPENDENCIA|LIMA|VENEZOLANA|2023|OCTUBRE|0|E|VENEZOLANA|2023-10-17
440|SERVICIOS WEB|PROPIETARIO|M|36|SANTIAGO DE SURCO|LIMA|VENEZOLANA|2023|OCTUBRE|0|E|VENEZOLANA|2023-10-17
441|SERVICIOS WEB|PROPIETARIO|F|23|LA VICTORIA|LIMA|VENEZOLANA|2023|OCTUBRE|0|E|VENEZOLANA|2023-10-17
442|SERVICIOS WEB|PROPIETARIO|M|34|LOS OLIVOS|LIMA|VENEZOLANA|2023|OCTUBRE|0|E|VENEZOLANA|2023-10-17
443|SERVICIOS WEB|PROPIETARIO|F|42|CALCA|CUSCO|ALEMANA|2023|OCTUBRE|13|E|ALEMANA|2023-10-17
444|SERVICIOS WEB|PROPIETARIO|M|24|VILLA MARIA DEL TRIUNFO|LIMA|VENEZOLANA|2023|OCTUBRE|2|E|VENEZOLANA|2023-10-17
445|SERVICIOS WEB|PROPIETARIO|F|37|SAN MARTIN DE PORRES|LIMA|VENEZOLANA|2023|OCTUBRE|0|E|VENEZOLANA|2023-10-17
446|SERVICIOS WEB|PROPIETARIO|M|37|SAN ISIDRO|LIMA|BRITANICA|2023|OCTUBRE|3|E|BRITANICA|2023-10-17
447|SERVICIOS WEB|PROPIETARIO|M|32|SAN ISIDRO|LIMA|BOLIVIANA|2023|OCTUBRE|17|E|BOLIVIANA|2023-10-17
448|SERVICIOS WEB|PROPIETARIO|M|23|VENTANILLA|CALLAO|VENEZOLANA|2023|OCTUBRE|1|E|VENEZOLANA|2023-10-17
449|SERVICIOS WEB|PROPIETARIO|F|27|LOS OLIVOS|LIMA|VENEZOLANA|2023|OCTUBRE|1|E|VENEZOLANA|2023-10-17
450|SERVICIOS WEB|PROPIETARIO|F|35|SAN MARTIN DE PORRES|LIMA|ECUATORIANA|2023|OCTUBRE|15|E|ECUATORIANA|2023-10-17
451|SERVICIOS WEB|PROPIETARIO|M|52|SANTIAGO DE SURCO|LIMA|ESTADOUNIDENSE|2023|OCTUBRE|17|E|ESTADOUNIDENSE|2023-10-17
452|SERVICIOS WEB|PROPIETARIO|M|60|MIRAFLORES|LIMA|ESTADOUNIDENSE|2023|OCTUBRE|68|E|ESTADOUNIDENSE|2023-10-17
453|SERVICIOS WEB|PROPIETARIO|M|63|SANTIAGO DE SURCO|LIMA|COREANA|2023|OCTUBRE|0|E|COREANA|2023-10-17
454|SERVICIOS WEB|PROPIETARIO|F|43|MIRAFLORES|LIMA|CANADIENSE|2023|OCTUBRE|28|E|CANADIENSE|2023-10-17
455|SERVICIOS WEB|PROPIETARIO|M|73|PUNO|PUNO|JAPONESA|2023|OCTUBRE|0|E|JAPONESA|2023-10-17
456|SERVICIOS WEB|PROPIETARIO|M|51|LIMA|LIMA|CHINA|2023|OCTUBRE|0|E|CHINA|2023-10-17
457|SERVICIOS WEB|PROPIETARIO|F|40|LURIN|LIMA|VENEZOLANA|2023|OCTUBRE|1|E|VENEZOLANA|2023-10-17
458|SERVICIOS WEB|PROPIETARIO|M|26|CHICLAYO|LAMBAYEQUE|CUBANA|2023|OCTUBRE|0|E|CUBANA|2023-10-17
459|SERVICIOS WEB|PROPIETARIO|F|53|LA VICTORIA|LIMA|BRITANICA|2023|OCTUBRE|11|E|BRITANICA|2023-10-17
460|SERVICIOS WEB|PROPIETARIO|F|27|VILLA EL SALVADOR|LIMA|VENEZOLANA|2023|OCTUBRE|0|E|VENEZOLANA|2023-10-17
461|SERVICIOS WEB|PROPIETARIO|M|35|SAN BORJA|LIMA|CHINA|2023|OCTUBRE|0|E|CHINA|2023-10-17
462|SERVICIOS WEB|PROPIETARIO|F|40|SAN JUAN DE LURIGANCHO|LIMA|VENEZOLANA|2023|OCTUBRE|0|E|VENEZOLANA|2023-10-17
463|SERVICIOS WEB|PROPIETARIO|M|30|LOS OLIVOS|LIMA|VENEZOLANA|2023|OCTUBRE|0|E|VENEZOLANA|2023-10-17
464|SERVICIOS WEB|PROPIETARIO|M|45|MIRAFLORES|LIMA|ARGENTINA|2023|OCTUBRE|0|E|ARGENTINA|2023-10-17
465|SERVICIOS WEB|PROPIETARIO|M|32|EL AGUSTINO|LIMA|VENEZOLANA|2023|OCTUBRE|0|E|VENEZOLANA|2023-10-18
466|SERVICIOS WEB|PROPIETARIO|F|53|LA VICTORIA|LIMA|VENEZOLANA|2023|OCTUBRE|0|E|VENEZOLANA|2023-10-18
467|SERVICIOS WEB|PROPIETARIO|F|41|LA VICTORIA|LIMA|ESTADOUNIDENSE|2023|OCTUBRE|49|E|ESTADOUNIDENSE|2023-10-18
468|SERVICIOS WEB|PROPIETARIO|F|63|SAN MARTIN DE PORRES|LIMA|COLOMBIANA|2023|OCTUBRE|2|E|COLOMBIANA|2023-10-18
469|SERVICIOS WEB|PROPIETARIO|M|41|SAN JUAN DE LURIGANCHO|LIMA|VENEZOLANA|2023|OCTUBRE|0|E|VENEZOLANA|2023-10-18
470|SERVICIOS WEB|PROPIETARIO|M|32|JESUS MARIA|LIMA|ECUATORIANA|2023|OCTUBRE|0|E|ECUATORIANA|2023-10-18
471|SERVICIOS WEB|PROPIETARIO|M|59|LIMA|LIMA|COLOMBIANA|2023|OCTUBRE|1|E|COLOMBIANA|2023-10-18
472|SERVICIOS WEB|PROPIETARIO|F|36|JESUS MARIA|LIMA|VENEZOLANA|2023|OCTUBRE|1|E|VENEZOLANA|2023-10-18
473|SERVICIOS WEB|PROPIETARIO|F|87|SAN MARTIN DE PORRES|LIMA|CUBANA|2023|OCTUBRE|25|E|CUBANA|2023-10-18
474|SERVICIOS WEB|PROPIETARIO|F|46|MIRAFLORES|LIMA|BOLIVIANA|2023|OCTUBRE|68|E|BOLIVIANA|2023-10-18
475|SERVICIOS WEB|PROPIETARIO|F|50|<NO DEFINIDO>|<NO DEFINIDO>|NEERLANDESA|2023|OCTUBRE|11|E|NEERLANDESA|2023-10-18
476|SERVICIOS WEB|PROPIETARIO|F|24|SAN MIGUEL|LIMA|VENEZOLANA|2023|OCTUBRE|0|E|VENEZOLANA|2023-10-18
477|SERVICIOS WEB|PROPIETARIO|M|39|MIRAFLORES|LIMA|VENEZOLANA|2023|OCTUBRE|0|E|VENEZOLANA|2023-10-18
478|SERVICIOS WEB|PROPIETARIO|F|35|RIMAC|LIMA|VENEZOLANA|2023|OCTUBRE|0|E|VENEZOLANA|2023-10-18
479|SERVICIOS WEB|PROPIETARIO|M|38|SAN MIGUEL|LIMA|VENEZOLANA|2023|OCTUBRE|1|E|VENEZOLANA|2023-10-18
480|SERVICIOS WEB|PROPIETARIO|M|57|SAN BORJA|LIMA|CHILENA|2023|OCTUBRE|2|E|CHILENA|2023-10-18
481|SERVICIOS WEB|PROPIETARIO|M|40|LURIN|LIMA|VENEZOLANA|2023|OCTUBRE|1|E|VENEZOLANA|2023-10-18
482|SERVICIOS WEB|PROPIETARIO|M|60|<NO DEFINIDO>|<NO DEFINIDO>|MEXICANA|2023|OCTUBRE|23|E|MEXICANA|2023-10-18
483|SERVICIOS WEB|PROPIETARIO|M|33|PUEBLO LIBRE (MAGDALENA VIEJA)|LIMA|CHINA|2023|OCTUBRE|0|E|CHINA|2023-10-18
484|SERVICIOS WEB|PROPIETARIO|F|31|SANTIAGO DE SURCO|LIMA|VENEZOLANA|2023|OCTUBRE|0|E|VENEZOLANA|2023-10-18
485|SERVICIOS WEB|PROPIETARIO|F|30|SAN MIGUEL|LIMA|ECUATORIANA|2023|OCTUBRE|1|E|ECUATORIANA|2023-10-18
486|SERVICIOS WEB|PROPIETARIO|F|51|VILLA MARIA DEL TRIUNFO|LIMA|VENEZOLANA|2023|OCTUBRE|0|E|VENEZOLANA|2023-10-18
487|SERVICIOS WEB|PROPIETARIO|M|39|LIMA|LIMA|VENEZOLANA|2023|OCTUBRE|0|E|VENEZOLANA|2023-10-19
488|SERVICIOS WEB|PROPIETARIO|F|37|SANTIAGO DE SURCO|LIMA|VENEZOLANA|2023|OCTUBRE|1|E|VENEZOLANA|2023-10-19
489|SERVICIOS WEB|PROPIETARIO|M|49|LIMA|LIMA|PERUANA|2023|OCTUBRE|2|E|PERUANA|2023-10-19
490|SERVICIOS WEB|PROPIETARIO|F|32|<NO DEFINIDO>|<NO DEFINIDO>|DOMINICANA|2023|OCTUBRE|7|E|DOMINICANA|2023-10-19
491|SERVICIOS WEB|PROPIETARIO|M|46|SAN MARTIN DE PORRES|LIMA|VENEZOLANA|2023|OCTUBRE|5|E|VENEZOLANA|2023-10-19
492|SERVICIOS WEB|PROPIETARIO|F|35|CALLAO|CALLAO|VENEZOLANA|2023|OCTUBRE|4|E|VENEZOLANA|2023-10-19
493|SERVICIOS WEB|PROPIETARIO|M|51|MIRAFLORES|LIMA|AUSTRALIANA|2023|OCTUBRE|39|E|AUSTRALIANA|2023-10-19
494|SERVICIOS WEB|PROPIETARIO|M|28|SURQUILLO|LIMA|BRASILERA|2023|OCTUBRE|0|E|BRASILERA|2023-10-19
495|SERVICIOS WEB|PROPIETARIO|M|21|SAN MARTIN DE PORRES|LIMA|VENEZOLANA|2023|OCTUBRE|0|E|VENEZOLANA|2023-10-19
496|SERVICIOS WEB|PROPIETARIO|F|25|BARRANCO|LIMA|ESTADOUNIDENSE|2023|OCTUBRE|29|E|ESTADOUNIDENSE|2023-10-19
497|SERVICIOS WEB|PROPIETARIO|M|52|SANTIAGO DE SURCO|LIMA|VENEZOLANA|2023|OCTUBRE|1|E|VENEZOLANA|2023-10-19
498|SERVICIOS WEB|PROPIETARIO|M|31|SAN MIGUEL|LIMA|VENEZOLANA|2023|OCTUBRE|0|E|VENEZOLANA|2023-10-19
499|SERVICIOS WEB|PROPIETARIO|F|28|PIURA|PIURA|ECUATORIANA|2023|OCTUBRE|1|E|ECUATORIANA|2023-10-19
500|SERVICIOS WEB|PROPIETARIO|M|38|SAN JUAN DE LURIGANCHO|LIMA|VENEZOLANA|2023|OCTUBRE|1|E|VENEZOLANA|2023-10-19
501|SERVICIOS WEB|PROPIETARIO|M|36|SURQUILLO|LIMA|VENEZOLANA|2023|OCTUBRE|0|E|VENEZOLANA|2023-10-19
502|SERVICIOS WEB|PROPIETARIO|F|46|LA MOLINA|LIMA|ARGENTINA|2023|OCTUBRE|2|E|ARGENTINA|2023-10-19
503|SERVICIOS WEB|PROPIETARIO|F|53|LOS OLIVOS|LIMA|MEXICANA|2023|OCTUBRE|15|E|MEXICANA|2023-10-19
504|SERVICIOS WEB|PROPIETARIO|F|37|PISAC|CUSCO|ESTADOUNIDENSE|2023|OCTUBRE|11|E|ESTADOUNIDENSE|2023-10-19
505|SERVICIOS WEB|PROPIETARIO|F|70|CHILCA|LIMA|BOLIVIANA|2023|OCTUBRE|0|E|BOLIVIANA|2023-10-19
506|SERVICIOS WEB|PROPIETARIO|M|39|MIRAFLORES|LIMA|VENEZOLANA|2023|OCTUBRE|0|E|VENEZOLANA|2023-10-19
507|SERVICIOS WEB|PROPIETARIO|M|24|TRUJILLO|LA LIBERTAD|VENEZOLANA|2023|OCTUBRE|0|E|VENEZOLANA|2023-10-19
508|SERVICIOS WEB|PROPIETARIO|M|37|LIMA|LIMA|VENEZOLANA|2023|OCTUBRE|0|E|VENEZOLANA|2023-10-19
509|SERVICIOS WEB|PROPIETARIO|M|35|CALLAO|CALLAO|JAPONESA|2023|OCTUBRE|7|E|JAPONESA|2023-10-19
510|SERVICIOS WEB|PROPIETARIO|M|70|<NO DEFINIDO>|<NO DEFINIDO>|ESPA헲LA|2023|OCTUBRE|5|E|ESPA헲LA|2023-10-19
511|SERVICIOS WEB|PROPIETARIO|F|83|MIRAFLORES|LIMA|ESPA헲LA|2023|OCTUBRE|0|E|ESPA헲LA|2023-10-19
512|SERVICIOS WEB|PROPIETARIO|F|45|BARRANCO|LIMA|BRASILERA|2023|OCTUBRE|0|E|BRASILERA|2023-10-19
513|SERVICIOS WEB|PROPIETARIO|M|39|SAN ISIDRO|LIMA|PORTUGUESA|2023|OCTUBRE|259|E|PORTUGUESA|2023-10-19
514|SERVICIOS WEB|PROPIETARIO|F|41|MIRAFLORES|LIMA|ECUATORIANA|2023|OCTUBRE|0|E|ECUATORIANA|2023-10-19
515|SERVICIOS WEB|PROPIETARIO|M|37|JAEN|CAJAMARCA|ECUATORIANA|2023|OCTUBRE|9|E|ECUATORIANA|2023-10-19
516|SERVICIOS WEB|PROPIETARIO|F|73|<NO DEFINIDO>|<NO DEFINIDO>|ALEMANA|2023|OCTUBRE|7|E|ALEMANA|2023-10-19
517|SERVICIOS WEB|PROPIETARIO|F|98|SAN ISIDRO|LIMA|ITALIANA|2023|OCTUBRE|0|E|ITALIANA|2023-10-19
518|SERVICIOS WEB|PROPIETARIO|F|18|SAN MARTIN DE PORRES|LIMA|VENEZOLANA|2023|OCTUBRE|1|E|VENEZOLANA|2023-10-19
519|SERVICIOS WEB|PROPIETARIO|F|45|MIRAFLORES|LIMA|ARGENTINA|2023|OCTUBRE|0|E|ARGENTINA|2023-10-19
520|SERVICIOS WEB|PROPIETARIO|M|27|SAN MIGUEL|LIMA|VENEZOLANA|2023|OCTUBRE|0|E|VENEZOLANA|2023-10-20
521|LIMA|PROPIETARIO|M|3|<NO DEFINIDO>|<NO DEFINIDO>|ESPA헲LA|2023|OCTUBRE|7|E|ESPA헲LA|2023-10-20
522|SERVICIOS WEB|PROPIETARIO|M|27|SANTA ANITA|LIMA|VENEZOLANA|2023|OCTUBRE|0|E|VENEZOLANA|2023-10-20
523|SERVICIOS WEB|PROPIETARIO|M|45|SURQUILLO|LIMA|COLOMBIANA|2023|OCTUBRE|4|E|COLOMBIANA|2023-10-20
524|SERVICIOS WEB|PROPIETARIO|F|36|MIRAFLORES|LIMA|COLOMBIANA|2023|OCTUBRE|9|E|COLOMBIANA|2023-10-20
525|SERVICIOS WEB|PROPIETARIO|F|26|COMAS|LIMA|VENEZOLANA|2023|OCTUBRE|0|E|VENEZOLANA|2023-10-20
526|LIMA|PROPIETARIO|M|34|ICA|ICA|COLOMBIANA|2023|OCTUBRE|1|E|COLOMBIANA|2023-10-20
527|SERVICIOS WEB|PROPIETARIO|M|31|SAN MIGUEL|LIMA|VENEZOLANA|2023|OCTUBRE|0|E|VENEZOLANA|2023-10-20
528|SERVICIOS WEB|PROPIETARIO|F|28|VILLA EL SALVADOR|LIMA|NEERLANDESA|2023|OCTUBRE|0|E|NEERLANDESA|2023-10-20
529|SERVICIOS WEB|PROPIETARIO|M|47|MIRAFLORES|LIMA|BOLIVIANA|2023|OCTUBRE|0|E|BOLIVIANA|2023-10-20
530|SERVICIOS WEB|PROPIETARIO|M|51|LIMA|LIMA|CHINA|2023|OCTUBRE|0|E|CHINA|2023-10-20
531|SERVICIOS WEB|PROPIETARIO|F|49|LA MOLINA|LIMA|CHINA|2023|OCTUBRE|0|E|CHINA|2023-10-20
532|SERVICIOS WEB|PROPIETARIO|M|42|SAN ISIDRO|LIMA|CHILENA|2023|OCTUBRE|21|E|CHILENA|2023-10-20
533|SERVICIOS WEB|PROPIETARIO|M|28|LIMA|LIMA|VENEZOLANA|2023|OCTUBRE|6|E|VENEZOLANA|2023-10-20
534|SERVICIOS WEB|PROPIETARIO|M|43|SAN MARTIN DE PORRES|LIMA|VENEZOLANA|2023|OCTUBRE|0|E|VENEZOLANA|2023-10-20
535|SERVICIOS WEB|PROPIETARIO|F|37|PUEBLO LIBRE (MAGDALENA VIEJA)|LIMA|ECUATORIANA|2023|OCTUBRE|0|E|ECUATORIANA|2023-10-20
536|SERVICIOS WEB|PROPIETARIO|M|30|SURQUILLO|LIMA|COLOMBIANA|2023|OCTUBRE|9|E|COLOMBIANA|2023-10-20
537|SERVICIOS WEB|PROPIETARIO|M|51|CALLERIA|UCAYALI|CHINA|2023|OCTUBRE|0|E|CHINA|2023-10-20
538|SERVICIOS WEB|PROPIETARIO|M|47|LA VICTORIA|LIMA|CHINA|2023|OCTUBRE|0|E|CHINA|2023-10-20
539|SERVICIOS WEB|PROPIETARIO|M|58|AGUAS VERDES|TUMBES|ECUATORIANA|2023|OCTUBRE|0|E|ECUATORIANA|2023-10-20
540|SERVICIOS WEB|PROPIETARIO|F|27|LA MOLINA|LIMA|VENEZOLANA|2023|OCTUBRE|0|E|VENEZOLANA|2023-10-20
541|SERVICIOS WEB|PROPIETARIO|M|39|MIRAFLORES|LIMA|ECUATORIANA|2023|OCTUBRE|4|E|ECUATORIANA|2023-10-20
542|SERVICIOS WEB|PROPIETARIO|F|33|ATE|LIMA|VENEZOLANA|2023|OCTUBRE|0|E|VENEZOLANA|2023-10-20
543|SERVICIOS WEB|PROPIETARIO|F|46|<NO DEFINIDO>|<NO DEFINIDO>|VENEZOLANA|2023|OCTUBRE|0|E|VENEZOLANA|2023-10-20
544|SERVICIOS WEB|PROPIETARIO|M|26|LOS OLIVOS|LIMA|VENEZOLANA|2023|OCTUBRE|0|E|VENEZOLANA|2023-10-20
545|SERVICIOS WEB|PROPIETARIO|M|50|COMAS|LIMA|ARGENTINA|2023|OCTUBRE|0|E|ARGENTINA|2023-10-20
546|SERVICIOS WEB|PROPIETARIO|M|47|MIRAFLORES|LIMA|CHINA|2023|OCTUBRE|0|E|CHINA|2023-10-20
547|SERVICIOS WEB|PROPIETARIO|F|21|BRE헤|LIMA|VENEZOLANA|2023|OCTUBRE|6|E|VENEZOLANA|2023-10-20
548|SERVICIOS WEB|PROPIETARIO|M|34|LIMA|LIMA|VENEZOLANA|2023|OCTUBRE|0|E|VENEZOLANA|2023-10-20
549|SERVICIOS WEB|PROPIETARIO|F|34|SAN ISIDRO|LIMA|CHINA|2023|OCTUBRE|0|E|CHINA|2023-10-20
550|SERVICIOS WEB|PROPIETARIO|F|25|SAN BORJA|LIMA|BRITANICA|2023|OCTUBRE|0|E|BRITANICA|2023-10-20
551|SERVICIOS WEB|PROPIETARIO|F|31|SAN MARTIN DE PORRES|LIMA|VENEZOLANA|2023|OCTUBRE|0|E|VENEZOLANA|2023-10-20
552|SERVICIOS WEB|PROPIETARIO|F|19|SANTA ANITA|LIMA|VENEZOLANA|2023|OCTUBRE|0|E|VENEZOLANA|2023-10-21
553|SERVICIOS WEB|PROPIETARIO|M|38|SURQUILLO|LIMA|VENEZOLANA|2023|OCTUBRE|0|E|VENEZOLANA|2023-10-21
554|SERVICIOS WEB|PROPIETARIO|M|42|PUEBLO LIBRE (MAGDALENA VIEJA)|LIMA|PERUANA|2023|OCTUBRE|0|E|PERUANA|2023-10-21
555|SERVICIOS WEB|PROPIETARIO|F|22|JESUS MARIA|LIMA|CUBANA|2023|OCTUBRE|0|E|CUBANA|2023-10-21
556|SERVICIOS WEB|PROPIETARIO|M|29|LIMA|LIMA|VENEZOLANA|2023|OCTUBRE|0|E|VENEZOLANA|2023-10-21
557|SERVICIOS WEB|PROPIETARIO|M|53|BARRANCO|LIMA|VENEZOLANA|2023|OCTUBRE|0|E|VENEZOLANA|2023-10-21
558|SERVICIOS WEB|PROPIETARIO|M|27|SAN MIGUEL|LIMA|COLOMBIANA|2023|OCTUBRE|0|E|COLOMBIANA|2023-10-21
559|SERVICIOS WEB|PROPIETARIO|F|32|CHICLAYO|LAMBAYEQUE|VENEZOLANA|2023|OCTUBRE|0|E|VENEZOLANA|2023-10-21
560|SERVICIOS WEB|PROPIETARIO|M|66|CHIMBOTE|ANCASH|PERUANA|2023|OCTUBRE|0|E|PERUANA|2023-10-21
561|SERVICIOS WEB|PROPIETARIO|F|20|SANTA ANITA|LIMA|VENEZOLANA|2023|OCTUBRE|0|E|VENEZOLANA|2023-10-21
562|SERVICIOS WEB|PROPIETARIO|F|31|OLLANTAYTAMBO|CUSCO|VENEZOLANA|2023|OCTUBRE|0|E|VENEZOLANA|2023-10-21
563|SERVICIOS WEB|PROPIETARIO|F|32|SAN JUAN DE LURIGANCHO|LIMA|CHILENA|2023|OCTUBRE|1|E|CHILENA|2023-10-21
564|SERVICIOS WEB|PROPIETARIO|M|26|ICA|ICA|COLOMBIANA|2023|OCTUBRE|13|E|COLOMBIANA|2023-10-21
565|SERVICIOS WEB|PROPIETARIO|M|27|PUENTE PIEDRA|LIMA|VENEZOLANA|2023|OCTUBRE|0|E|VENEZOLANA|2023-10-21
566|SERVICIOS WEB|PROPIETARIO|M|52|SANTIAGO DE SURCO|LIMA|ARGENTINA|2023|OCTUBRE|15|E|ARGENTINA|2023-10-21
567|SERVICIOS WEB|PROPIETARIO|F|37|SAN JUAN DE LURIGANCHO|LIMA|VENEZOLANA|2023|OCTUBRE|0|E|VENEZOLANA|2023-10-22
568|SERVICIOS WEB|PROPIETARIO|F|23|SANTIAGO DE SURCO|LIMA|ARGENTINA|2023|OCTUBRE|0|E|ARGENTINA|2023-10-22
569|SERVICIOS WEB|PROPIETARIO|M|38|CHORRILLOS|LIMA|VENEZOLANA|2023|OCTUBRE|9|E|VENEZOLANA|2023-10-22
570|SERVICIOS WEB|PROPIETARIO|F|25|AYACUCHO|AYACUCHO|COLOMBIANA|2023|OCTUBRE|0|E|COLOMBIANA|2023-10-22
571|SERVICIOS WEB|PROPIETARIO|M|23|SAN MARTIN DE PORRES|LIMA|VENEZOLANA|2023|OCTUBRE|0|E|VENEZOLANA|2023-10-24
572|SERVICIOS WEB|PROPIETARIO|M|50|CARMEN DE LA LEGUA REYNOSO|CALLAO|ESPA헲LA|2023|OCTUBRE|43|E|ESPA헲LA|2023-10-24
573|SERVICIOS WEB|PROPIETARIO|M|42|LOS OLIVOS|LIMA|VENEZOLANA|2023|OCTUBRE|0|E|VENEZOLANA|2023-10-24
574|SERVICIOS WEB|PROPIETARIO|M|40|LIMA|LIMA|VENEZOLANA|2023|OCTUBRE|0|E|VENEZOLANA|2023-10-24
575|SERVICIOS WEB|PROPIETARIO|F|28|LOS OLIVOS|LIMA|VENEZOLANA|2023|OCTUBRE|1|E|VENEZOLANA|2023-10-24
576|SERVICIOS WEB|PROPIETARIO|M|38|CALLAO|CALLAO|VENEZOLANA|2023|OCTUBRE|0|E|VENEZOLANA|2023-10-24
577|SERVICIOS WEB|PROPIETARIO|F|30|MAGDALENA DEL MAR|LIMA|VENEZOLANA|2023|OCTUBRE|0|E|VENEZOLANA|2023-10-24
578|SERVICIOS WEB|PROPIETARIO|F|26|SAN JUAN DE MIRAFLORES|LIMA|VENEZOLANA|2023|OCTUBRE|0|E|VENEZOLANA|2023-10-24
579|SERVICIOS WEB|PROPIETARIO|M|67|PARI헤S|PIURA|VENEZOLANA|2023|OCTUBRE|0|E|VENEZOLANA|2023-10-24
580|SERVICIOS WEB|PROPIETARIO|M|64|PARI헤S|PIURA|VENEZOLANA|2023|OCTUBRE|0|E|VENEZOLANA|2023-10-24
581|SERVICIOS WEB|PROPIETARIO|F|58|MAGDALENA DEL MAR|LIMA|ARGENTINA|2023|OCTUBRE|0|E|ARGENTINA|2023-10-24
582|SERVICIOS WEB|PROPIETARIO|M|35|MIRAFLORES|LIMA|VENEZOLANA|2023|OCTUBRE|0|E|VENEZOLANA|2023-10-24
583|SERVICIOS WEB|PROPIETARIO|M|52|PARI헤S|PIURA|VENEZOLANA|2023|OCTUBRE|0|E|VENEZOLANA|2023-10-24
584|SERVICIOS WEB|PROPIETARIO|F|52|PARI헤S|PIURA|VENEZOLANA|2023|OCTUBRE|0|E|VENEZOLANA|2023-10-24
585|IQUITOS|PROPIETARIO|F|47|IQUITOS|LORETO|CHINA|2023|OCTUBRE|6|N|CHINA|2023-10-24
586|IQUITOS|PROPIETARIO|M|53|IQUITOS|LORETO|CHINA|2023|OCTUBRE|4|N|CHINA|2023-10-24
587|SERVICIOS WEB|PROPIETARIO|F|37|SURQUILLO|LIMA|FILIPINA|2023|OCTUBRE|5|E|FILIPINA|2023-10-24
588|SERVICIOS WEB|PROPIETARIO|M|50|SAN ISIDRO|LIMA|INDIA|2023|OCTUBRE|0|E|INDIA|2023-10-24
589|SERVICIOS WEB|PROPIETARIO|M|57|<NO DEFINIDO>|<NO DEFINIDO>|ESTADOUNIDENSE|2023|OCTUBRE|41|E|ESTADOUNIDENSE|2023-10-24
590|SERVICIOS WEB|PROPIETARIO|F|19|CATACAOS|PIURA|BRASILERA|2023|OCTUBRE|0|E|BRASILERA|2023-10-24
591|SERVICIOS WEB|PROPIETARIO|M|31|SANTIAGO DE SURCO|LIMA|ARGENTINA|2023|OCTUBRE|0|E|ARGENTINA|2023-10-24
592|SERVICIOS WEB|PROPIETARIO|F|38|EL AGUSTINO|LIMA|VENEZOLANA|2023|OCTUBRE|0|E|VENEZOLANA|2023-10-24
593|SERVICIOS WEB|PROPIETARIO|F|27|SANTA ANITA|LIMA|VENEZOLANA|2023|OCTUBRE|0|E|VENEZOLANA|2023-10-24
594|SERVICIOS WEB|PROPIETARIO|M|58|MIRAFLORES|LIMA|ESPA헲LA|2023|OCTUBRE|63|E|ESPA헲LA|2023-10-24
595|SERVICIOS WEB|PROPIETARIO|M|25|LA VICTORIA|LIMA|VENEZOLANA|2023|OCTUBRE|0|E|VENEZOLANA|2023-10-24
596|SERVICIOS WEB|PROPIETARIO|M|30|PUENTE PIEDRA|LIMA|VENEZOLANA|2023|OCTUBRE|1|E|VENEZOLANA|2023-10-24
597|SERVICIOS WEB|PROPIETARIO|M|42|CHORRILLOS|LIMA|VENEZOLANA|2023|OCTUBRE|0|E|VENEZOLANA|2023-10-24
598|SERVICIOS WEB|PROPIETARIO|M|53|SANTIAGO DE SURCO|LIMA|COLOMBIANA|2023|OCTUBRE|90|E|COLOMBIANA|2023-10-24
599|SERVICIOS WEB|PROPIETARIO|F|34|VENTANILLA|CALLAO|VENEZOLANA|2023|OCTUBRE|0|E|VENEZOLANA|2023-10-24
600|SERVICIOS WEB|PROPIETARIO|F|59|YARINACOCHA|UCAYALI|ESTADOUNIDENSE|2023|OCTUBRE|0|E|ESTADOUNIDENSE|2023-10-24
601|SERVICIOS WEB|PROPIETARIO|M|34|SAN MIGUEL|LIMA|VENEZOLANA|2023|OCTUBRE|0|E|VENEZOLANA|2023-10-24
602|SERVICIOS WEB|PROPIETARIO|M|33|SAN MARTIN DE PORRES|LIMA|VENEZOLANA|2023|OCTUBRE|0|E|VENEZOLANA|2023-10-24
603|SERVICIOS WEB|PROPIETARIO|M|53|MIRAFLORES|LIMA|MEXICANA|2023|OCTUBRE|28|E|MEXICANA|2023-10-24
604|SERVICIOS WEB|PROPIETARIO|F|31|SAN ISIDRO|LIMA|MEXICANA|2023|OCTUBRE|0|E|MEXICANA|2023-10-24
605|SERVICIOS WEB|PROPIETARIO|M|49|SANTIAGO DE SURCO|LIMA|SUIZA|2023|OCTUBRE|0|E|SUIZA|2023-10-24
606|SERVICIOS WEB|PROPIETARIO|M|40|MIRAFLORES|LIMA|VENEZOLANA|2023|OCTUBRE|0|E|VENEZOLANA|2023-10-24
607|SERVICIOS WEB|PROPIETARIO|M|45|LA MOLINA|LIMA|ESTADOUNIDENSE|2023|OCTUBRE|67|E|ESTADOUNIDENSE|2023-10-24
608|SERVICIOS WEB|PROPIETARIO|F|28|PIURA|PIURA|ECUATORIANA|2023|OCTUBRE|5|E|ECUATORIANA|2023-10-24
609|SERVICIOS WEB|PROPIETARIO|F|41|LA MOLINA|LIMA|ESTADOUNIDENSE|2023|OCTUBRE|67|E|ESTADOUNIDENSE|2023-10-24
610|SERVICIOS WEB|PROPIETARIO|M|38|HUACHO|LIMA|CHINA|2023|OCTUBRE|0|E|CHINA|2023-10-24
611|SERVICIOS WEB|PROPIETARIO|M|41|SAN MARTIN DE PORRES|LIMA|VENEZOLANA|2023|OCTUBRE|4|E|VENEZOLANA|2023-10-24
612|SERVICIOS WEB|PROPIETARIO|M|46|MIRAFLORES|LIMA|ARGENTINA|2023|OCTUBRE|11|E|ARGENTINA|2023-10-24
613|SERVICIOS WEB|PROPIETARIO|F|41|CAJAMARCA|CAJAMARCA|VENEZOLANA|2023|OCTUBRE|0|E|VENEZOLANA|2023-10-24
614|SERVICIOS WEB|PROPIETARIO|M|38|SANTIAGO DE SURCO|LIMA|ESTADOUNIDENSE|2023|OCTUBRE|0|E|ESTADOUNIDENSE|2023-10-24
615|SERVICIOS WEB|PROPIETARIO|F|45|POCOLLAY|TACNA|BOLIVIANA|2023|OCTUBRE|5|E|BOLIVIANA|2023-10-24
616|SERVICIOS WEB|PROPIETARIO|M|27|PIURA|PIURA|VENEZOLANA|2023|OCTUBRE|0|E|VENEZOLANA|2023-10-24
617|SERVICIOS WEB|PROPIETARIO|M|39|SANTIAGO DE SURCO|LIMA|COLOMBIANA|2023|OCTUBRE|0|E|COLOMBIANA|2023-10-24
618|SERVICIOS WEB|PROPIETARIO|M|36|SAN JUAN DE MIRAFLORES|LIMA|VENEZOLANA|2023|OCTUBRE|0|E|VENEZOLANA|2023-10-24
619|SERVICIOS WEB|PROPIETARIO|M|24|SOCABAYA|AREQUIPA|BRASILERA|2023|OCTUBRE|0|E|BRASILERA|2023-10-24
620|SERVICIOS WEB|PROPIETARIO|F|28|BARRANCO|LIMA|COLOMBIANA|2023|OCTUBRE|0|E|COLOMBIANA|2023-10-24
621|SERVICIOS WEB|PROPIETARIO|F|42|BARRANCO|LIMA|COLOMBIANA|2023|OCTUBRE|0|E|COLOMBIANA|2023-10-24
622|SERVICIOS WEB|PROPIETARIO|M|61|SAN BORJA|LIMA|PERUANA|2023|OCTUBRE|4|E|PERUANA|2023-10-25
623|SERVICIOS WEB|PROPIETARIO|M|39|PIURA|PIURA|VENEZOLANA|2023|OCTUBRE|1|E|VENEZOLANA|2023-10-25
624|SERVICIOS WEB|PROPIETARIO|M|64|SAN BORJA|LIMA|ESTADOUNIDENSE|2023|OCTUBRE|0|E|ESTADOUNIDENSE|2023-10-25
625|SERVICIOS WEB|PROPIETARIO|F|26|SAN JUAN DE MIRAFLORES|LIMA|VENEZOLANA|2023|OCTUBRE|0|E|VENEZOLANA|2023-10-25
626|SERVICIOS WEB|PROPIETARIO|M|28|LURIGANCHO|LIMA|ARGELINA|2023|OCTUBRE|0|E|ARGELINA|2023-10-25
627|SERVICIOS WEB|PROPIETARIO|M|41|SAN BARTOLO|LIMA|VENEZOLANA|2023|OCTUBRE|0|E|VENEZOLANA|2023-10-25
628|SERVICIOS WEB|PROPIETARIO|M|47|SAN ISIDRO|LIMA|ESPA헲LA|2023|OCTUBRE|0|E|ESPA헲LA|2023-10-25
629|SERVICIOS WEB|PROPIETARIO|M|37|MIRAFLORES|LIMA|ARGENTINA|2023|OCTUBRE|0|E|ARGENTINA|2023-10-25
630|SERVICIOS WEB|PROPIETARIO|M|32|TAMBOPATA|MADRE DE DIOS|VENEZOLANA|2023|OCTUBRE|3|E|VENEZOLANA|2023-10-25
631|SERVICIOS WEB|PROPIETARIO|M|38|SANTIAGO DE SURCO|LIMA|BRASILERA|2023|OCTUBRE|138|E|BRASILERA|2023-10-25
632|SERVICIOS WEB|PROPIETARIO|M|41|MIRAFLORES|LIMA|CHILENA|2023|OCTUBRE|79|E|CHILENA|2023-10-25
633|SERVICIOS WEB|PROPIETARIO|F|18|MIRAFLORES|LIMA|ECUATORIANA|2023|OCTUBRE|2|E|ECUATORIANA|2023-10-25
634|SERVICIOS WEB|PROPIETARIO|F|30|LIMA|LIMA|VENEZOLANA|2023|OCTUBRE|0|E|VENEZOLANA|2023-10-25
635|SERVICIOS WEB|PROPIETARIO|M|39|PARACAS|ICA|ESTADOUNIDENSE|2023|OCTUBRE|0|E|ESTADOUNIDENSE|2023-10-25
636|SERVICIOS WEB|PROPIETARIO|M|34|MIRAFLORES|LIMA|FRANCESA|2023|OCTUBRE|57|E|FRANCESA|2023-10-25
637|SERVICIOS WEB|PROPIETARIO|M|31|SAN JUAN DE LURIGANCHO|LIMA|VENEZOLANA|2023|OCTUBRE|0|E|VENEZOLANA|2023-10-25
638|SERVICIOS WEB|PROPIETARIO|F|36|MIRAFLORES|LIMA|COLOMBIANA|2023|OCTUBRE|9|E|COLOMBIANA|2023-10-25
639|SERVICIOS WEB|PROPIETARIO|M|37|LA VICTORIA|LIMA|VENEZOLANA|2023|OCTUBRE|0|E|VENEZOLANA|2023-10-25
640|SERVICIOS WEB|PROPIETARIO|M|28|CERRO COLORADO|AREQUIPA|VENEZOLANA|2023|OCTUBRE|0|E|VENEZOLANA|2023-10-25
641|SERVICIOS WEB|PROPIETARIO|M|73|SAN ISIDRO|LIMA|PORTUGUESA|2023|OCTUBRE|54|E|PORTUGUESA|2023-10-25
642|SERVICIOS WEB|PROPIETARIO|M|51|BARRANCO|LIMA|CUBANA|2023|OCTUBRE|4|E|CUBANA|2023-10-25
643|SERVICIOS WEB|PROPIETARIO|F|50|INDEPENDENCIA|LIMA|VENEZOLANA|2023|OCTUBRE|1|E|VENEZOLANA|2023-10-25
644|SERVICIOS WEB|PROPIETARIO|M|47|MIRAFLORES|LIMA|ESTADOUNIDENSE|2023|OCTUBRE|0|E|ESTADOUNIDENSE|2023-10-25
645|SERVICIOS WEB|PROPIETARIO|M|32|SAN MIGUEL|LIMA|CHINA|2023|OCTUBRE|0|E|CHINA|2023-10-25
646|SERVICIOS WEB|PROPIETARIO|M|49|SAN ISIDRO|LIMA|DOMINICANA|2023|OCTUBRE|12|E|DOMINICANA|2023-10-25
647|SERVICIOS WEB|PROPIETARIO|M|36|IQUITOS|LORETO|CHINA|2023|OCTUBRE|0|E|CHINA|2023-10-25
648|SERVICIOS WEB|PROPIETARIO|M|76|MIRAFLORES|LIMA|ESTADOUNIDENSE|2023|OCTUBRE|13|E|ESTADOUNIDENSE|2023-10-25
649|SERVICIOS WEB|PROPIETARIO|M|67|MIRAFLORES|LIMA|URUGUAYA|2023|OCTUBRE|0|E|URUGUAYA|2023-10-25
650|SERVICIOS WEB|PROPIETARIO|F|35|SANTIAGO DE SURCO|LIMA|BRASILERA|2023|OCTUBRE|0|E|BRASILERA|2023-10-25
651|SERVICIOS WEB|PROPIETARIO|M|46|SAN ISIDRO|LIMA|COREANA|2023|OCTUBRE|17|E|COREANA|2023-10-25
652|SERVICIOS WEB|PROPIETARIO|F|28|EL AGUSTINO|LIMA|VENEZOLANA|2023|OCTUBRE|1|E|VENEZOLANA|2023-10-25
653|SERVICIOS WEB|PROPIETARIO|M|44|BRE헤|LIMA|COLOMBIANA|2023|OCTUBRE|0|E|COLOMBIANA|2023-10-25
654|SERVICIOS WEB|PROPIETARIO|F|54|SURQUILLO|LIMA|VENEZOLANA|2023|OCTUBRE|0|E|VENEZOLANA|2023-10-25
655|SERVICIOS WEB|PROPIETARIO|M|23|SAN MARTIN DE PORRES|LIMA|VENEZOLANA|2023|OCTUBRE|0|E|VENEZOLANA|2023-10-25
656|SERVICIOS WEB|PROPIETARIO|F|34|<NO DEFINIDO>|<NO DEFINIDO>|ESPA헲LA|2023|OCTUBRE|12|E|ESPA헲LA|2023-10-25
657|SERVICIOS WEB|PROPIETARIO|M|57|SAN MARTIN DE PORRES|LIMA|CHINA|2023|OCTUBRE|0|E|CHINA|2023-10-25
658|SERVICIOS WEB|PROPIETARIO|M|56|CERRO COLORADO|AREQUIPA|ARGENTINA|2023|OCTUBRE|0|E|ARGENTINA|2023-10-25
659|SERVICIOS WEB|PROPIETARIO|M|23|TACNA|TACNA|DOMINICANA|2023|OCTUBRE|1|E|DOMINICANA|2023-10-25
660|SERVICIOS WEB|PROPIETARIO|M|22|TRUJILLO|LA LIBERTAD|MEXICANA|2023|OCTUBRE|7|E|MEXICANA|2023-10-25
661|SERVICIOS WEB|PROPIETARIO|M|37|MIRAFLORES|LIMA|SIERRALEONES|2023|OCTUBRE|3|E|SIERRALEONES|2023-10-25
662|SERVICIOS WEB|PROPIETARIO|M|30|SANTIAGO DE SURCO|LIMA|VENEZOLANA|2023|OCTUBRE|2|E|VENEZOLANA|2023-10-25
663|SERVICIOS WEB|PROPIETARIO|M|32|PISCO|ICA|VENEZOLANA|2023|OCTUBRE|0|E|VENEZOLANA|2023-10-25
664|SERVICIOS WEB|PROPIETARIO|F|33|CARMEN DE LA LEGUA REYNOSO|CALLAO|VENEZOLANA|2023|OCTUBRE|0|E|VENEZOLANA|2023-10-25
665|SERVICIOS WEB|PROPIETARIO|M|32|VILLA EL SALVADOR|LIMA|VENEZOLANA|2023|OCTUBRE|0|E|VENEZOLANA|2023-10-25
666|SERVICIOS WEB|PROPIETARIO|M|46|ATE|LIMA|VENEZOLANA|2023|OCTUBRE|1|E|VENEZOLANA|2023-10-25
667|SERVICIOS WEB|PROPIETARIO|F|32|LINCE|LIMA|VENEZOLANA|2023|OCTUBRE|0|E|VENEZOLANA|2023-10-25
668|SERVICIOS WEB|PROPIETARIO|M|41|ATE|LIMA|VENEZOLANA|2023|OCTUBRE|0|E|VENEZOLANA|2023-10-25
669|SERVICIOS WEB|PROPIETARIO|F|30|SANTIAGO DE SURCO|LIMA|VENEZOLANA|2023|OCTUBRE|0|E|VENEZOLANA|2023-10-25
670|SERVICIOS WEB|PROPIETARIO|M|44|MIRAFLORES|LIMA|CHILENA|2023|OCTUBRE|6|E|CHILENA|2023-10-25
671|SERVICIOS WEB|PROPIETARIO|F|26|LIMA|LIMA|CHINA|2023|OCTUBRE|0|E|CHINA|2023-10-26
672|SERVICIOS WEB|PROPIETARIO|M|32|SAN BORJA|LIMA|CHINA|2023|OCTUBRE|0|E|CHINA|2023-10-26
673|SERVICIOS WEB|PROPIETARIO|M|28|LOS OLIVOS|LIMA|VENEZOLANA|2023|OCTUBRE|0|E|VENEZOLANA|2023-10-26
674|SERVICIOS WEB|PROPIETARIO|M|82|SANTIAGO DE SURCO|LIMA|ALEMANA|2023|OCTUBRE|0|E|ALEMANA|2023-10-26
675|SERVICIOS WEB|PROPIETARIO|M|24|MIRAFLORES|LIMA|VENEZOLANA|2023|OCTUBRE|1|E|VENEZOLANA|2023-10-26
676|SERVICIOS WEB|PROPIETARIO|M|37|MIRAFLORES|LIMA|CHILENA|2023|OCTUBRE|0|E|CHILENA|2023-10-26
677|SERVICIOS WEB|PROPIETARIO|M|33|TRUJILLO|LA LIBERTAD|VENEZOLANA|2023|OCTUBRE|0|E|VENEZOLANA|2023-10-26
678|SERVICIOS WEB|PROPIETARIO|M|28|SURQUILLO|LIMA|ARGENTINA|2023|OCTUBRE|0|E|ARGENTINA|2023-10-26
679|SERVICIOS WEB|PROPIETARIO|F|48|ATE|LIMA|VENEZOLANA|2023|OCTUBRE|0|E|VENEZOLANA|2023-10-26
680|SERVICIOS WEB|PROPIETARIO|F|22|SAN MARTIN DE PORRES|LIMA|VENEZOLANA|2023|OCTUBRE|0|E|VENEZOLANA|2023-10-26
681|SERVICIOS WEB|PROPIETARIO|M|31|SANTIAGO DE SURCO|LIMA|HONDURE헤|2023|OCTUBRE|0|E|HONDURE헤|2023-10-26
682|SERVICIOS WEB|PROPIETARIO|F|35|COMAS|LIMA|VENEZOLANA|2023|OCTUBRE|0|E|VENEZOLANA|2023-10-26
683|SERVICIOS WEB|PROPIETARIO|F|45|SAN MARTIN DE PORRES|LIMA|VENEZOLANA|2023|OCTUBRE|0|E|VENEZOLANA|2023-10-26
684|SERVICIOS WEB|PROPIETARIO|F|30|LIMA|LIMA|VENEZOLANA|2023|OCTUBRE|1|E|VENEZOLANA|2023-10-26
685|SERVICIOS WEB|PROPIETARIO|M|34|LOS OLIVOS|LIMA|VENEZOLANA|2023|OCTUBRE|1|E|VENEZOLANA|2023-10-26
686|SERVICIOS WEB|PROPIETARIO|M|38|LOS OLIVOS|LIMA|ECUATORIANA|2023|OCTUBRE|0|E|ECUATORIANA|2023-10-26
687|SERVICIOS WEB|PROPIETARIO|F|38|ATE|LIMA|VENEZOLANA|2023|OCTUBRE|3|E|VENEZOLANA|2023-10-26
688|SERVICIOS WEB|PROPIETARIO|M|29|BELLAVISTA|CALLAO|COLOMBIANA|2023|OCTUBRE|4|E|COLOMBIANA|2023-10-26
689|SERVICIOS WEB|PROPIETARIO|F|29|SANTIAGO DE SURCO|LIMA|VENEZOLANA|2023|OCTUBRE|0|E|VENEZOLANA|2023-10-26
690|SERVICIOS WEB|PROPIETARIO|M|60|JESUS MARIA|LIMA|CHINA|2023|OCTUBRE|0|E|CHINA|2023-10-26
691|SERVICIOS WEB|PROPIETARIO|M|27|SAN ISIDRO|LIMA|CHINA|2023|OCTUBRE|0|E|CHINA|2023-10-26
692|SERVICIOS WEB|PROPIETARIO|M|30|SAN ISIDRO|LIMA|CHINA|2023|OCTUBRE|0|E|CHINA|2023-10-26
693|SERVICIOS WEB|PROPIETARIO|F|79|AREQUIPA|AREQUIPA|BOLIVIANA|2023|OCTUBRE|32|E|BOLIVIANA|2023-10-26
694|SERVICIOS WEB|PROPIETARIO|M|47|SAN JUAN BAUTISTA|LORETO|SURINAMES|2023|OCTUBRE|0|E|SURINAMES|2023-10-26
695|SERVICIOS WEB|PROPIETARIO|M|31|CARABAYLLO|LIMA|VENEZOLANA|2023|OCTUBRE|0|E|VENEZOLANA|2023-10-26
696|SERVICIOS WEB|PROPIETARIO|M|53|BELLAVISTA|CALLAO|CHINA|2023|OCTUBRE|0|E|CHINA|2023-10-26
697|SERVICIOS WEB|PROPIETARIO|M|35|PISCO|ICA|VENEZOLANA|2023|OCTUBRE|0|E|VENEZOLANA|2023-10-26
698|SERVICIOS WEB|PROPIETARIO|F|34|CHORRILLOS|LIMA|VENEZOLANA|2023|OCTUBRE|0|E|VENEZOLANA|2023-10-26
699|SERVICIOS WEB|PROPIETARIO|F|31|LA MOLINA|LIMA|VENEZOLANA|2023|OCTUBRE|0|E|VENEZOLANA|2023-10-26
700|SERVICIOS WEB|PROPIETARIO|M|51|SANTIAGO DE SURCO|LIMA|BRITANICA|2023|OCTUBRE|0|E|BRITANICA|2023-10-26
701|SERVICIOS WEB|PROPIETARIO|M|40|MIRAFLORES|LIMA|ESTADOUNIDENSE|2023|OCTUBRE|0|E|ESTADOUNIDENSE|2023-10-26
702|SERVICIOS WEB|PROPIETARIO|M|48|MAGDALENA DEL MAR|LIMA|VENEZOLANA|2023|OCTUBRE|2|E|VENEZOLANA|2023-10-27
703|SERVICIOS WEB|PROPIETARIO|F|41|CARABAYLLO|LIMA|VENEZOLANA|2023|OCTUBRE|0|E|VENEZOLANA|2023-10-27
704|SERVICIOS WEB|PROPIETARIO|M|31|CARMEN DE LA LEGUA REYNOSO|CALLAO|VENEZOLANA|2023|OCTUBRE|0|E|VENEZOLANA|2023-10-27
705|SERVICIOS WEB|PROPIETARIO|F|33|SAN JUAN DE LURIGANCHO|LIMA|VENEZOLANA|2023|OCTUBRE|0|E|VENEZOLANA|2023-10-27
706|SERVICIOS WEB|PROPIETARIO|F|22|CARMEN DE LA LEGUA REYNOSO|CALLAO|ARGENTINA|2023|OCTUBRE|0|E|ARGENTINA|2023-10-27
707|SERVICIOS WEB|PROPIETARIO|M|42|SANTIAGO DE SURCO|LIMA|AUSTRALIANA|2023|OCTUBRE|9|E|AUSTRALIANA|2023-10-27
708|SERVICIOS WEB|PROPIETARIO|M|54|SANTIAGO DE SURCO|LIMA|ESTADOUNIDENSE|2023|OCTUBRE|58|E|ESTADOUNIDENSE|2023-10-27
709|LIMA|PROPIETARIO|M|9|LURIGANCHO|LIMA|VENEZOLANA|2023|OCTUBRE|1|E|VENEZOLANA|2023-10-27
710|SERVICIOS WEB|PROPIETARIO|M|48|MIRAFLORES|LIMA|CHILENA|2023|OCTUBRE|142|E|CHILENA|2023-10-27
711|SERVICIOS WEB|PROPIETARIO|F|66|SAN ISIDRO|LIMA|VENEZOLANA|2023|OCTUBRE|98|E|VENEZOLANA|2023-10-27
712|SERVICIOS WEB|PROPIETARIO|M|50|MIRAFLORES|LIMA|CHINA|2023|OCTUBRE|31|E|CHINA|2023-10-27
713|SERVICIOS WEB|PROPIETARIO|F|19|SAN MARTIN DE PORRES|LIMA|VENEZOLANA|2023|OCTUBRE|0|E|VENEZOLANA|2023-10-27
714|SERVICIOS WEB|PROPIETARIO|M|29|LA VICTORIA|LIMA|VENEZOLANA|2023|OCTUBRE|1|E|VENEZOLANA|2023-10-27
715|SERVICIOS WEB|PROPIETARIO|M|46|MIRAFLORES|LIMA|ESPA헲LA|2023|OCTUBRE|70|E|ESPA헲LA|2023-10-27
716|SERVICIOS WEB|PROPIETARIO|M|40|LOS OLIVOS|LIMA|VENEZOLANA|2023|OCTUBRE|0|E|VENEZOLANA|2023-10-27
717|SERVICIOS WEB|PROPIETARIO|F|40|MIRAFLORES|LIMA|BRASILERA|2023|OCTUBRE|16|E|BRASILERA|2023-10-27
718|SERVICIOS WEB|PROPIETARIO|M|34|MIRAFLORES|LIMA|BRASILERA|2023|OCTUBRE|12|E|BRASILERA|2023-10-27
719|SERVICIOS WEB|PROPIETARIO|F|28|CARABAYLLO|LIMA|VENEZOLANA|2023|OCTUBRE|0|E|VENEZOLANA|2023-10-27
720|SERVICIOS WEB|PROPIETARIO|M|53|MIRAFLORES|LIMA|ESPA헲LA|2023|OCTUBRE|12|E|ESPA헲LA|2023-10-27
721|SERVICIOS WEB|PROPIETARIO|M|43|MIRAFLORES|LIMA|BRASILERA|2023|OCTUBRE|0|E|BRASILERA|2023-10-27
722|SERVICIOS WEB|PROPIETARIO|M|40|PACHACAMAC|LIMA|VENEZOLANA|2023|OCTUBRE|0|E|VENEZOLANA|2023-10-27
723|SERVICIOS WEB|PROPIETARIO|F|49|ZORRITOS|TUMBES|COLOMBIANA|2023|OCTUBRE|1|E|COLOMBIANA|2023-10-27
724|SERVICIOS WEB|PROPIETARIO|F|38|LOS OLIVOS|LIMA|VENEZOLANA|2023|OCTUBRE|9|E|VENEZOLANA|2023-10-27
725|SERVICIOS WEB|PROPIETARIO|F|24|SAN ISIDRO|LIMA|CHINA|2023|OCTUBRE|0|E|CHINA|2023-10-27
726|SERVICIOS WEB|PROPIETARIO|M|63|SAN MIGUEL|LIMA|CHINA|2023|OCTUBRE|0|E|CHINA|2023-10-27
727|SERVICIOS WEB|PROPIETARIO|F|35|SAN JUAN DE MIRAFLORES|LIMA|VENEZOLANA|2023|OCTUBRE|0|E|VENEZOLANA|2023-10-27
728|SERVICIOS WEB|PROPIETARIO|M|32|LIMA|LIMA|VENEZOLANA|2023|OCTUBRE|0|E|VENEZOLANA|2023-10-27
729|SERVICIOS WEB|PROPIETARIO|F|30|SAN JUAN DE MIRAFLORES|LIMA|VENEZOLANA|2023|OCTUBRE|0|E|VENEZOLANA|2023-10-27
730|SERVICIOS WEB|PROPIETARIO|M|79|CHORRILLOS|LIMA|PERUANA|2023|OCTUBRE|4|E|PERUANA|2023-10-27
731|SERVICIOS WEB|PROPIETARIO|F|24|ALTO SELVA ALEGRE|AREQUIPA|VENEZOLANA|2023|OCTUBRE|0|E|VENEZOLANA|2023-10-27
732|SERVICIOS WEB|PROPIETARIO|M|41|SAN MARTIN DE PORRES|LIMA|ECUATORIANA|2023|OCTUBRE|11|E|ECUATORIANA|2023-10-27
733|SERVICIOS WEB|PROPIETARIO|M|29|SAN LUIS|LIMA|VENEZOLANA|2023|OCTUBRE|0|E|VENEZOLANA|2023-10-27
734|SERVICIOS WEB|PROPIETARIO|F|29|COMAS|LIMA|VENEZOLANA|2023|OCTUBRE|0|E|VENEZOLANA|2023-10-27
735|SERVICIOS WEB|PROPIETARIO|M|42|CHICLAYO|LAMBAYEQUE|CHINA|2023|OCTUBRE|0|E|CHINA|2023-10-27
736|SERVICIOS WEB|PROPIETARIO|F|55|PUEBLO LIBRE (MAGDALENA VIEJA)|LIMA|VENEZOLANA|2023|OCTUBRE|19|E|VENEZOLANA|2023-10-27
737|SERVICIOS WEB|PROPIETARIO|M|38|LA MOLINA|LIMA|CHILENA|2023|OCTUBRE|142|E|CHILENA|2023-10-27
738|SERVICIOS WEB|PROPIETARIO|F|34|MIRAFLORES|LIMA|ECUATORIANA|2023|OCTUBRE|4|E|ECUATORIANA|2023-10-27
739|SERVICIOS WEB|PROPIETARIO|M|42|ATE|LIMA|VENEZOLANA|2023|OCTUBRE|0|E|VENEZOLANA|2023-10-27
740|SERVICIOS WEB|PROPIETARIO|M|36|MIRAFLORES|LIMA|INDIA|2023|OCTUBRE|0|E|INDIA|2023-10-27
741|SERVICIOS WEB|PROPIETARIO|F|29|COMAS|LIMA|VENEZOLANA|2023|OCTUBRE|0|E|VENEZOLANA|2023-10-27
742|SERVICIOS WEB|PROPIETARIO|F|26|SANTIAGO DE SURCO|LIMA|VENEZOLANA|2023|OCTUBRE|1|E|VENEZOLANA|2023-10-27
743|SERVICIOS WEB|PROPIETARIO|M|36|INDEPENDENCIA|LIMA|VENEZOLANA|2023|OCTUBRE|0|E|VENEZOLANA|2023-10-27
744|SERVICIOS WEB|PROPIETARIO|F|21|LIMA|LIMA|VENEZOLANA|2023|OCTUBRE|0|E|VENEZOLANA|2023-10-27
745|SERVICIOS WEB|PROPIETARIO|M|40|SAN MIGUEL|LIMA|CHINA|2023|OCTUBRE|0|E|CHINA|2023-10-27
746|SERVICIOS WEB|PROPIETARIO|M|54|YARABAMBA|AREQUIPA|CHINA|2023|OCTUBRE|2|E|CHINA|2023-10-27
747|SERVICIOS WEB|PROPIETARIO|M|48|SAN JUAN DE MIRAFLORES|LIMA|ARGENTINA|2023|OCTUBRE|0|E|ARGENTINA|2023-10-27
748|SERVICIOS WEB|PROPIETARIO|M|27|TARAPOTO|SAN MARTIN|COLOMBIANA|2023|OCTUBRE|3|E|COLOMBIANA|2023-10-27
749|SERVICIOS WEB|PROPIETARIO|M|49|MIRAFLORES|LIMA|MEXICANA|2023|OCTUBRE|59|E|MEXICANA|2023-10-27
750|SERVICIOS WEB|PROPIETARIO|M|34|SAN ISIDRO|LIMA|CHINA|2023|OCTUBRE|0|E|CHINA|2023-10-27
751|SERVICIOS WEB|PROPIETARIO|M|33|SAN ISIDRO|LIMA|CHINA|2023|OCTUBRE|0|E|CHINA|2023-10-27
752|SERVICIOS WEB|PROPIETARIO|F|44|LIMA|LIMA|VENEZOLANA|2023|OCTUBRE|0|E|VENEZOLANA|2023-10-27
753|SERVICIOS WEB|PROPIETARIO|F|25|EL AGUSTINO|LIMA|VENEZOLANA|2023|OCTUBRE|1|E|VENEZOLANA|2023-10-28
754|SERVICIOS WEB|PROPIETARIO|M|52|SAN ISIDRO|LIMA|ISRAELI|2023|OCTUBRE|10|E|ISRAELI|2023-10-28
755|SERVICIOS WEB|PROPIETARIO|M|40|PUNTA NEGRA|LIMA|VENEZOLANA|2023|OCTUBRE|0|E|VENEZOLANA|2023-10-28
756|SERVICIOS WEB|PROPIETARIO|M|24|LURIGANCHO|LIMA|VENEZOLANA|2023|OCTUBRE|0|E|VENEZOLANA|2023-10-28
757|SERVICIOS WEB|PROPIETARIO|M|40|SAN ISIDRO|LIMA|MEXICANA|2023|OCTUBRE|0|E|MEXICANA|2023-10-28
758|SERVICIOS WEB|PROPIETARIO|M|37|CHULUCANAS|PIURA|MARROQUI|2023|OCTUBRE|1|E|MARROQUI|2023-10-28
759|SERVICIOS WEB|PROPIETARIO|F|34|SAN MIGUEL|LIMA|VENEZOLANA|2023|OCTUBRE|0|E|VENEZOLANA|2023-10-28
760|SERVICIOS WEB|PROPIETARIO|F|29|PAITA|PIURA|VENEZOLANA|2023|OCTUBRE|1|E|VENEZOLANA|2023-10-28
761|SERVICIOS WEB|PROPIETARIO|M|45|CHORRILLOS|LIMA|VENEZOLANA|2023|OCTUBRE|1|E|VENEZOLANA|2023-10-28
762|SERVICIOS WEB|PROPIETARIO|F|27|CHORRILLOS|LIMA|VENEZOLANA|2023|OCTUBRE|0|E|VENEZOLANA|2023-10-28
763|SERVICIOS WEB|PROPIETARIO|M|21|HUANCAYO|JUNIN|VENEZOLANA|2023|OCTUBRE|0|E|VENEZOLANA|2023-10-28
764|SERVICIOS WEB|PROPIETARIO|M|45|ICA|ICA|COLOMBIANA|2023|OCTUBRE|3|E|COLOMBIANA|2023-10-28
765|SERVICIOS WEB|PROPIETARIO|M|33|PUENTE PIEDRA|LIMA|VENEZOLANA|2023|OCTUBRE|1|E|VENEZOLANA|2023-10-28
766|SERVICIOS WEB|PROPIETARIO|M|29|ATE|LIMA|VENEZOLANA|2023|OCTUBRE|0|E|VENEZOLANA|2023-10-28
767|SERVICIOS WEB|PROPIETARIO|M|29|CALLERIA|UCAYALI|CHINA|2023|OCTUBRE|0|E|CHINA|2023-10-28
768|SERVICIOS WEB|PROPIETARIO|M|36|MAGDALENA DEL MAR|LIMA|ESTADOUNIDENSE|2023|OCTUBRE|0|E|ESTADOUNIDENSE|2023-10-29
769|SERVICIOS WEB|PROPIETARIO|M|56|LURIN|LIMA|CHINA|2023|OCTUBRE|1|E|CHINA|2023-10-29
770|SERVICIOS WEB|PROPIETARIO|M|41|MIRAFLORES|LIMA|CHILENA|2023|OCTUBRE|80|E|CHILENA|2023-10-29
771|SERVICIOS WEB|PROPIETARIO|F|33|SAN MIGUEL|LIMA|INDIA|2023|OCTUBRE|0|E|INDIA|2023-10-29
772|SERVICIOS WEB|PROPIETARIO|F|31|SAN MARTIN DE PORRES|LIMA|VENEZOLANA|2023|OCTUBRE|0|E|VENEZOLANA|2023-10-29
773|SERVICIOS WEB|PROPIETARIO|F|42|LURIN|LIMA|VENEZOLANA|2023|OCTUBRE|0|E|VENEZOLANA|2023-10-29
774|SERVICIOS WEB|PROPIETARIO|M|36|MIRAFLORES|LIMA|VENEZOLANA|2023|OCTUBRE|0|E|VENEZOLANA|2023-10-30
775|SERVICIOS WEB|PROPIETARIO|M|28|SAN ISIDRO|LIMA|COLOMBIANA|2023|OCTUBRE|0|E|COLOMBIANA|2023-10-30
776|SERVICIOS WEB|PROPIETARIO|M|35|SANTIAGO DE SURCO|LIMA|COLOMBIANA|2023|OCTUBRE|41|E|COLOMBIANA|2023-10-30
777|SERVICIOS WEB|PROPIETARIO|F|38|PUEBLO LIBRE (MAGDALENA VIEJA)|LIMA|COLOMBIANA|2023|OCTUBRE|0|E|COLOMBIANA|2023-10-30
778|SERVICIOS WEB|PROPIETARIO|F|46|SAN ISIDRO|LIMA|BRASILERA|2023|OCTUBRE|0|E|BRASILERA|2023-10-30
779|SERVICIOS WEB|PROPIETARIO|F|31|TACNA|TACNA|VENEZOLANA|2023|OCTUBRE|4|E|VENEZOLANA|2023-10-30
780|SERVICIOS WEB|PROPIETARIO|M|73|MIRAFLORES|LIMA|CANADIENSE|2023|OCTUBRE|43|E|CANADIENSE|2023-10-30
781|SERVICIOS WEB|PROPIETARIO|F|47|SANTIAGO DE SURCO|LIMA|DOMINICANA|2023|OCTUBRE|3|E|DOMINICANA|2023-10-30
782|SERVICIOS WEB|PROPIETARIO|F|47|SANTIAGO DE SURCO|LIMA|ESTADOUNIDENSE|2023|OCTUBRE|0|E|ESTADOUNIDENSE|2023-10-30
783|SERVICIOS WEB|PROPIETARIO|F|42|MIRAFLORES|LIMA|ESTADOUNIDENSE|2023|OCTUBRE|0|E|ESTADOUNIDENSE|2023-10-30
784|SERVICIOS WEB|PROPIETARIO|F|33|PUENTE PIEDRA|LIMA|VENEZOLANA|2023|OCTUBRE|1|E|VENEZOLANA|2023-10-30
785|SERVICIOS WEB|PROPIETARIO|F|39|SANTIAGO DE SURCO|LIMA|CANADIENSE|2023|OCTUBRE|0|E|CANADIENSE|2023-10-30
786|SERVICIOS WEB|PROPIETARIO|M|41|PARI헤S|PIURA|VENEZOLANA|2023|OCTUBRE|12|E|VENEZOLANA|2023-10-30
787|SERVICIOS WEB|PROPIETARIO|F|36|MIRAFLORES|LIMA|CANADIENSE|2023|OCTUBRE|0|E|CANADIENSE|2023-10-30
788|SERVICIOS WEB|PROPIETARIO|M|47|SANTIAGO DE SURCO|LIMA|ESTADOUNIDENSE|2023|OCTUBRE|0|E|ESTADOUNIDENSE|2023-10-30
789|SERVICIOS WEB|PROPIETARIO|M|49|MIRAFLORES|LIMA|ESTADOUNIDENSE|2023|OCTUBRE|0|E|ESTADOUNIDENSE|2023-10-30
790|SERVICIOS WEB|PROPIETARIO|F|49|MIRAFLORES|LIMA|ESTADOUNIDENSE|2023|OCTUBRE|0|E|ESTADOUNIDENSE|2023-10-30
791|SERVICIOS WEB|PROPIETARIO|F|60|BARRANCO|LIMA|ESTADOUNIDENSE|2023|OCTUBRE|0|E|ESTADOUNIDENSE|2023-10-30
792|SERVICIOS WEB|PROPIETARIO|M|38|LA MOLINA|LIMA|ESTADOUNIDENSE|2023|OCTUBRE|0|E|ESTADOUNIDENSE|2023-10-30
793|SERVICIOS WEB|PROPIETARIO|F|35|MIRAFLORES|LIMA|ESTADOUNIDENSE|2023|OCTUBRE|0|E|ESTADOUNIDENSE|2023-10-30
794|SERVICIOS WEB|PROPIETARIO|M|39|MIRAFLORES|LIMA|ESTADOUNIDENSE|2023|OCTUBRE|0|E|ESTADOUNIDENSE|2023-10-30
795|SERVICIOS WEB|PROPIETARIO|M|66|MIRAFLORES|LIMA|ESPA헲LA|2023|OCTUBRE|0|E|ESPA헲LA|2023-10-30
796|SERVICIOS WEB|PROPIETARIO|F|28|ATE|LIMA|VENEZOLANA|2023|OCTUBRE|0|E|VENEZOLANA|2023-10-30
797|SERVICIOS WEB|PROPIETARIO|M|43|MIRAFLORES|LIMA|COLOMBIANA|2023|OCTUBRE|20|E|COLOMBIANA|2023-10-30
798|SERVICIOS WEB|PROPIETARIO|M|45|SANTIAGO DE SURCO|LIMA|VENEZOLANA|2023|OCTUBRE|0|E|VENEZOLANA|2023-10-30
799|SERVICIOS WEB|PROPIETARIO|F|35|SAN JUAN DE LURIGANCHO|LIMA|COLOMBIANA|2023|OCTUBRE|0|E|COLOMBIANA|2023-10-30
800|SERVICIOS WEB|PROPIETARIO|M|38|BRE헤|LIMA|VENEZOLANA|2023|OCTUBRE|0|E|VENEZOLANA|2023-10-30
801|SERVICIOS WEB|PROPIETARIO|M|51|CARMEN DE LA LEGUA REYNOSO|CALLAO|ESPA헲LA|2023|OCTUBRE|0|E|ESPA헲LA|2023-10-30
802|SERVICIOS WEB|PROPIETARIO|F|38|MIRAFLORES|LIMA|ESTADOUNIDENSE|2023|OCTUBRE|0|E|ESTADOUNIDENSE|2023-10-30
803|SERVICIOS WEB|PROPIETARIO|F|57|MIRAFLORES|LIMA|COLOMBIANA|2023|OCTUBRE|12|E|COLOMBIANA|2023-10-30
804|SERVICIOS WEB|PROPIETARIO|F|67|LA MOLINA|LIMA|CANADIENSE|2023|OCTUBRE|0|E|CANADIENSE|2023-10-30
805|SERVICIOS WEB|PROPIETARIO|F|35|MIRAFLORES|LIMA|ESTADOUNIDENSE|2023|OCTUBRE|0|E|ESTADOUNIDENSE|2023-10-30
806|SERVICIOS WEB|PROPIETARIO|F|29|MIRAFLORES|LIMA|COLOMBIANA|2023|OCTUBRE|0|E|COLOMBIANA|2023-10-30
807|TACNA|PROPIETARIO|M|46|<NO DEFINIDO>|<NO DEFINIDO>|CHILENA|2023|OCTUBRE|248|E|CHILENA|2023-10-30
808|SERVICIOS WEB|PROPIETARIO|M|44|SAN ISIDRO|LIMA|ESPA헲LA|2023|OCTUBRE|60|E|ESPA헲LA|2023-10-30
809|SERVICIOS WEB|PROPIETARIO|M|47|PUEBLO LIBRE (MAGDALENA VIEJA)|LIMA|FRANCESA|2023|OCTUBRE|0|E|FRANCESA|2023-10-30
810|SERVICIOS WEB|PROPIETARIO|F|33|ATE|LIMA|VENEZOLANA|2023|OCTUBRE|0|E|VENEZOLANA|2023-10-30
811|SERVICIOS WEB|PROPIETARIO|M|58|CIENEGUILLA|LIMA|ALEMANA|2023|OCTUBRE|11|E|ALEMANA|2023-10-30
812|SERVICIOS WEB|PROPIETARIO|M|45|LA MOLINA|LIMA|ARGENTINA|2023|OCTUBRE|0|E|ARGENTINA|2023-10-30
813|SERVICIOS WEB|PROPIETARIO|M|58|CIENEGUILLA|LIMA|ALEMANA|2023|OCTUBRE|0|E|ALEMANA|2023-10-30
814|SERVICIOS WEB|PROPIETARIO|F|51|SAN MIGUEL|LIMA|COLOMBIANA|2023|OCTUBRE|54|E|COLOMBIANA|2023-10-30
815|SERVICIOS WEB|PROPIETARIO|M|38|SAN MARTIN DE PORRES|LIMA|VENEZOLANA|2023|OCTUBRE|0|E|VENEZOLANA|2023-10-30
816|SERVICIOS WEB|PROPIETARIO|M|25|LIMA|LIMA|VENEZOLANA|2023|OCTUBRE|0|E|VENEZOLANA|2023-10-30
817|SERVICIOS WEB|PROPIETARIO|F|43|APLAO|AREQUIPA|BOLIVIANA|2023|OCTUBRE|2|E|BOLIVIANA|2023-10-30
818|SERVICIOS WEB|PROPIETARIO|F|26|COMAS|LIMA|VENEZOLANA|2023|OCTUBRE|0|E|VENEZOLANA|2023-10-30
819|SERVICIOS WEB|PROPIETARIO|M|28|BRE헤|LIMA|VENEZOLANA|2023|OCTUBRE|0|E|VENEZOLANA|2023-10-31
820|SERVICIOS WEB|PROPIETARIO|F|51|<NO DEFINIDO>|<NO DEFINIDO>|ESTADOUNIDENSE|2023|OCTUBRE|10|E|ESTADOUNIDENSE|2023-10-31
821|SERVICIOS WEB|PROPIETARIO|F|38|PUEBLO LIBRE (MAGDALENA VIEJA)|LIMA|COLOMBIANA|2023|OCTUBRE|24|E|COLOMBIANA|2023-10-31
822|SERVICIOS WEB|PROPIETARIO|M|67|BARRANCO|LIMA|BRITANICA|2023|OCTUBRE|104|E|BRITANICA|2023-10-31
823|SERVICIOS WEB|PROPIETARIO|M|61|CALLERIA|UCAYALI|VENEZOLANA|2023|OCTUBRE|0|E|VENEZOLANA|2023-10-31
824|SERVICIOS WEB|PROPIETARIO|F|34|PUEBLO LIBRE (MAGDALENA VIEJA)|LIMA|VENEZOLANA|2023|OCTUBRE|0|E|VENEZOLANA|2023-10-31
825|SERVICIOS WEB|PROPIETARIO|M|55|CHACAS|ANCASH|ITALIANA|2023|OCTUBRE|39|E|ITALIANA|2023-10-31
826|SERVICIOS WEB|PROPIETARIO|F|46|MIRAFLORES|LIMA|COSTARRICENSE|2023|OCTUBRE|0|E|COSTARRICENSE|2023-10-31
827|SERVICIOS WEB|PROPIETARIO|M|54|TRUJILLO|LA LIBERTAD|ESPA헲LA|2023|OCTUBRE|52|E|ESPA헲LA|2023-10-31
828|SERVICIOS WEB|PROPIETARIO|M|71|LIMA|LIMA|ITALIANA|2023|OCTUBRE|34|E|ITALIANA|2023-10-31
829|SERVICIOS WEB|PROPIETARIO|M|43|MIRAFLORES|LIMA|VENEZOLANA|2023|OCTUBRE|0|E|VENEZOLANA|2023-10-31
830|SERVICIOS WEB|PROPIETARIO|F|35|MIRAFLORES|LIMA|ESTADOUNIDENSE|2023|OCTUBRE|0|E|ESTADOUNIDENSE|2023-10-31
831|SERVICIOS WEB|PROPIETARIO|M|39|TACNA|TACNA|NEERLANDESA|2023|OCTUBRE|66|E|NEERLANDESA|2023-10-31
832|SERVICIOS WEB|PROPIETARIO|M|25|CALLERIA|UCAYALI|VENEZOLANA|2023|OCTUBRE|1|E|VENEZOLANA|2023-10-31
833|SERVICIOS WEB|PROPIETARIO|F|43|SAN JUAN DE MIRAFLORES|LIMA|VENEZOLANA|2023|OCTUBRE|0|E|VENEZOLANA|2023-10-31
834|SERVICIOS WEB|PROPIETARIO|F|23|MIRAFLORES|AREQUIPA|VENEZOLANA|2023|OCTUBRE|0|E|VENEZOLANA|2023-10-31
835|SERVICIOS WEB|PROPIETARIO|M|28|SAN MARTIN DE PORRES|LIMA|VENEZOLANA|2023|OCTUBRE|10|E|VENEZOLANA|2023-10-31
836|SERVICIOS WEB|PROPIETARIO|M|40|SANTIAGO DE SURCO|LIMA|CHINA|2023|OCTUBRE|0|E|CHINA|2023-10-31
837|SERVICIOS WEB|PROPIETARIO|F|32|SANTA ANITA|LIMA|VENEZOLANA|2023|OCTUBRE|0|E|VENEZOLANA|2023-10-31
838|SERVICIOS WEB|PROPIETARIO|M|56|SAN ISIDRO|LIMA|PORTUGUESA|2023|OCTUBRE|0|E|PORTUGUESA|2023-10-31
839|SERVICIOS WEB|PROPIETARIO|F|26|SAN MIGUEL|LIMA|VENEZOLANA|2023|OCTUBRE|1|E|VENEZOLANA|2023-10-31
840|SERVICIOS WEB|PROPIETARIO|F|27|SAN JERONIMO|CUSCO|ARGENTINA|2023|OCTUBRE|0|E|ARGENTINA|2023-10-31
841|SERVICIOS WEB|PROPIETARIO|M|25|MIRAFLORES|LIMA|VENEZOLANA|2023|OCTUBRE|0|E|VENEZOLANA|2023-10-31
842|SERVICIOS WEB|PROPIETARIO|F|26|CALLAO|CALLAO|ECUATORIANA|2023|OCTUBRE|5|E|ECUATORIANA|2023-10-31
843|SERVICIOS WEB|PROPIETARIO|M|66|ATE|LIMA|HOLANDESA|2023|OCTUBRE|168|E|HOLANDESA|2023-10-31
844|SERVICIOS WEB|PROPIETARIO|M|51|SAN ISIDRO|LIMA|CHILENA|2023|OCTUBRE|0|E|CHILENA|2023-10-31
845|SERVICIOS WEB|PROPIETARIO|F|26|SULLANA|PIURA|ECUATORIANA|2023|OCTUBRE|5|E|ECUATORIANA|2023-10-31
846|SERVICIOS WEB|PROPIETARIO|F|27|SANTIAGO DE SURCO|LIMA|VENEZOLANA|2023|OCTUBRE|0|E|VENEZOLANA|2023-10-31
847|SERVICIOS WEB|PROPIETARIO|M|22|LOS OLIVOS|LIMA|VENEZOLANA|2023|OCTUBRE|0|E|VENEZOLANA|2023-10-31
848|SERVICIOS WEB|PROPIETARIO|M|46|PARI헤S|PIURA|COLOMBIANA|2023|OCTUBRE|27|E|COLOMBIANA|2023-10-31
